2026-02-22 16:28:03 - app - INFO - System cleanup complete
2026-02-22 16:30:58 - app - INFO - Initializing system components...
2026-02-22 16:30:58 - app.database - INFO - Database schema initialized
2026-02-22 16:30:58 - app.database - INFO - DatabaseManager initialized with D:\VIT - PROJECT\Real-Time-Face-Attendence-System\attendance.db
2026-02-22 16:30:58 - app.database - INFO - DatabaseService initialized
2026-02-22 16:30:58 - app - ERROR - Error initializing system: module 'mediapipe' has no attribute 'solutions'
2026-02-22 16:30:58 - werkzeug - INFO - [31m[1mWARNING: This is a development server. Do not use it in a production deployment. Use a production WSGI server instead.[0m
 * Running on all addresses (0.0.0.0)
 * Running on http://127.0.0.1:5000
 * Running on http://172.20.200.41:5000
2026-02-22 16:30:58 - werkzeug - INFO - [33mPress CTRL+C to quit[0m
2026-02-22 16:32:13 - app - ERROR - Exception on / [GET]
Traceback (most recent call last):
  File "D:\VIT - PROJECT\Real-Time-Face-Attendence-System\.venv\Lib\site-packages\flask\app.py", line 1511, in wsgi_app
    response = self.full_dispatch_request()
  File "D:\VIT - PROJECT\Real-Time-Face-Attendence-System\.venv\Lib\site-packages\flask\app.py", line 919, in full_dispatch_request
    rv = self.handle_user_exception(e)
  File "D:\VIT - PROJECT\Real-Time-Face-Attendence-System\.venv\Lib\site-packages\flask\app.py", line 917, in full_dispatch_request
    rv = self.dispatch_request()
  File "D:\VIT - PROJECT\Real-Time-Face-Attendence-System\.venv\Lib\site-packages\flask\app.py", line 902, in dispatch_request
    return self.ensure_sync(self.view_functions[rule.endpoint])(**view_args)  # type: ignore[no-any-return]
           ~~~~~~~~~~~~~~~~~~~~~~~~~~~~~~~~~~~~~~~~~~~~~~~~~~~~^^^^^^^^^^^^^
  File "D:\VIT - PROJECT\Real-Time-Face-Attendence-System\app\__init__.py", line 332, in index
    return render_template('index.html', stats=stats)
  File "D:\VIT - PROJECT\Real-Time-Face-Attendence-System\.venv\Lib\site-packages\flask\templating.py", line 150, in render_template
    template = app.jinja_env.get_or_select_template(template_name_or_list)
  File "D:\VIT - PROJECT\Real-Time-Face-Attendence-System\.venv\Lib\site-packages\jinja2\environment.py", line 1087, in get_or_select_template
    return self.get_template(template_name_or_list, parent, globals)
           ~~~~~~~~~~~~~~~~~^^^^^^^^^^^^^^^^^^^^^^^^^^^^^^^^^^^^^^^^
  File "D:\VIT - PROJECT\Real-Time-Face-Attendence-System\.venv\Lib\site-packages\jinja2\environment.py", line 1016, in get_template
    return self._load_template(name, globals)
           ~~~~~~~~~~~~~~~~~~~^^^^^^^^^^^^^^^
  File "D:\VIT - PROJECT\Real-Time-Face-Attendence-System\.venv\Lib\site-packages\jinja2\environment.py", line 975, in _load_template
    template = self.loader.load(self, name, self.make_globals(globals))
  File "D:\VIT - PROJECT\Real-Time-Face-Attendence-System\.venv\Lib\site-packages\jinja2\loaders.py", line 126, in load
    source, filename, uptodate = self.get_source(environment, name)
                                 ~~~~~~~~~~~~~~~^^^^^^^^^^^^^^^^^^^
  File "D:\VIT - PROJECT\Real-Time-Face-Attendence-System\.venv\Lib\site-packages\flask\templating.py", line 66, in get_source
    return self._get_source_fast(environment, template)
           ~~~~~~~~~~~~~~~~~~~~~^^^^^^^^^^^^^^^^^^^^^^^
  File "D:\VIT - PROJECT\Real-Time-Face-Attendence-System\.venv\Lib\site-packages\flask\templating.py", line 100, in _get_source_fast
    raise TemplateNotFound(template)
jinja2.exceptions.TemplateNotFound: index.html
2026-02-22 16:32:13 - app - ERROR - Server error: 500 Internal Server Error: The server encountered an internal error and was unable to complete your request. Either the server is overloaded or there is an error in the application.
2026-02-22 16:32:13 - werkzeug - INFO - 127.0.0.1 - - [22/Feb/2026 16:32:13] "[35m[1mGET / HTTP/1.1[0m" 500 -
2026-02-22 16:32:13 - werkzeug - ERROR - Error on request:
Traceback (most recent call last):
  File "D:\VIT - PROJECT\Real-Time-Face-Attendence-System\.venv\Lib\site-packages\flask\app.py", line 1511, in wsgi_app
    response = self.full_dispatch_request()
  File "D:\VIT - PROJECT\Real-Time-Face-Attendence-System\.venv\Lib\site-packages\flask\app.py", line 919, in full_dispatch_request
    rv = self.handle_user_exception(e)
  File "D:\VIT - PROJECT\Real-Time-Face-Attendence-System\.venv\Lib\site-packages\flask\app.py", line 917, in full_dispatch_request
    rv = self.dispatch_request()
  File "D:\VIT - PROJECT\Real-Time-Face-Attendence-System\.venv\Lib\site-packages\flask\app.py", line 902, in dispatch_request
    return self.ensure_sync(self.view_functions[rule.endpoint])(**view_args)  # type: ignore[no-any-return]
           ~~~~~~~~~~~~~~~~~~~~~~~~~~~~~~~~~~~~~~~~~~~~~~~~~~~~^^^^^^^^^^^^^
  File "D:\VIT - PROJECT\Real-Time-Face-Attendence-System\app\__init__.py", line 332, in index
    return render_template('index.html', stats=stats)
  File "D:\VIT - PROJECT\Real-Time-Face-Attendence-System\.venv\Lib\site-packages\flask\templating.py", line 150, in render_template
    template = app.jinja_env.get_or_select_template(template_name_or_list)
  File "D:\VIT - PROJECT\Real-Time-Face-Attendence-System\.venv\Lib\site-packages\jinja2\environment.py", line 1087, in get_or_select_template
    return self.get_template(template_name_or_list, parent, globals)
           ~~~~~~~~~~~~~~~~~^^^^^^^^^^^^^^^^^^^^^^^^^^^^^^^^^^^^^^^^
  File "D:\VIT - PROJECT\Real-Time-Face-Attendence-System\.venv\Lib\site-packages\jinja2\environment.py", line 1016, in get_template
    return self._load_template(name, globals)
           ~~~~~~~~~~~~~~~~~~~^^^^^^^^^^^^^^^
  File "D:\VIT - PROJECT\Real-Time-Face-Attendence-System\.venv\Lib\site-packages\jinja2\environment.py", line 975, in _load_template
    template = self.loader.load(self, name, self.make_globals(globals))
  File "D:\VIT - PROJECT\Real-Time-Face-Attendence-System\.venv\Lib\site-packages\jinja2\loaders.py", line 126, in load
    source, filename, uptodate = self.get_source(environment, name)
                                 ~~~~~~~~~~~~~~~^^^^^^^^^^^^^^^^^^^
  File "D:\VIT - PROJECT\Real-Time-Face-Attendence-System\.venv\Lib\site-packages\flask\templating.py", line 66, in get_source
    return self._get_source_fast(environment, template)
           ~~~~~~~~~~~~~~~~~~~~~^^^^^^^^^^^^^^^^^^^^^^^
  File "D:\VIT - PROJECT\Real-Time-Face-Attendence-System\.venv\Lib\site-packages\flask\templating.py", line 100, in _get_source_fast
    raise TemplateNotFound(template)
jinja2.exceptions.TemplateNotFound: index.html

During handling of the above exception, another exception occurred:

Traceback (most recent call last):
  File "D:\VIT - PROJECT\Real-Time-Face-Attendence-System\.venv\Lib\site-packages\werkzeug\serving.py", line 370, in run_wsgi
    execute(self.server.app)
    ~~~~~~~^^^^^^^^^^^^^^^^^
  File "D:\VIT - PROJECT\Real-Time-Face-Attendence-System\.venv\Lib\site-packages\werkzeug\serving.py", line 331, in execute
    application_iter = app(environ, start_response)
  File "D:\VIT - PROJECT\Real-Time-Face-Attendence-System\.venv\Lib\site-packages\flask\app.py", line 1536, in __call__
    return self.wsgi_app(environ, start_response)
           ~~~~~~~~~~~~~^^^^^^^^^^^^^^^^^^^^^^^^^
  File "D:\VIT - PROJECT\Real-Time-Face-Attendence-System\.venv\Lib\site-packages\flask\app.py", line 1514, in wsgi_app
    response = self.handle_exception(e)
  File "D:\VIT - PROJECT\Real-Time-Face-Attendence-System\.venv\Lib\site-packages\flask\app.py", line 860, in handle_exception
    server_error = self.ensure_sync(handler)(server_error)
  File "D:\VIT - PROJECT\Real-Time-Face-Attendence-System\app\__init__.py", line 590, in server_error
    return render_template('error.html', error='Internal server error'), 500
           ~~~~~~~~~~~~~~~^^^^^^^^^^^^^^^^^^^^^^^^^^^^^^^^^^^^^^^^^^^^^
  File "D:\VIT - PROJECT\Real-Time-Face-Attendence-System\.venv\Lib\site-packages\flask\templating.py", line 150, in render_template
    template = app.jinja_env.get_or_select_template(template_name_or_list)
  File "D:\VIT - PROJECT\Real-Time-Face-Attendence-System\.venv\Lib\site-packages\jinja2\environment.py", line 1087, in get_or_select_template
    return self.get_template(template_name_or_list, parent, globals)
           ~~~~~~~~~~~~~~~~~^^^^^^^^^^^^^^^^^^^^^^^^^^^^^^^^^^^^^^^^
  File "D:\VIT - PROJECT\Real-Time-Face-Attendence-System\.venv\Lib\site-packages\jinja2\environment.py", line 1016, in get_template
    return self._load_template(name, globals)
           ~~~~~~~~~~~~~~~~~~~^^^^^^^^^^^^^^^
  File "D:\VIT - PROJECT\Real-Time-Face-Attendence-System\.venv\Lib\site-packages\jinja2\environment.py", line 975, in _load_template
    template = self.loader.load(self, name, self.make_globals(globals))
  File "D:\VIT - PROJECT\Real-Time-Face-Attendence-System\.venv\Lib\site-packages\jinja2\loaders.py", line 126, in load
    source, filename, uptodate = self.get_source(environment, name)
                                 ~~~~~~~~~~~~~~~^^^^^^^^^^^^^^^^^^^
  File "D:\VIT - PROJECT\Real-Time-Face-Attendence-System\.venv\Lib\site-packages\flask\templating.py", line 66, in get_source
    return self._get_source_fast(environment, template)
           ~~~~~~~~~~~~~~~~~~~~~^^^^^^^^^^^^^^^^^^^^^^^
  File "D:\VIT - PROJECT\Real-Time-Face-Attendence-System\.venv\Lib\site-packages\flask\templating.py", line 100, in _get_source_fast
    raise TemplateNotFound(template)
jinja2.exceptions.TemplateNotFound: error.html
2026-02-22 16:32:13 - app - ERROR - Exception on /favicon.ico [GET]
Traceback (most recent call last):
  File "D:\VIT - PROJECT\Real-Time-Face-Attendence-System\.venv\Lib\site-packages\flask\app.py", line 917, in full_dispatch_request
    rv = self.dispatch_request()
  File "D:\VIT - PROJECT\Real-Time-Face-Attendence-System\.venv\Lib\site-packages\flask\app.py", line 891, in dispatch_request
    self.raise_routing_exception(req)
    ~~~~~~~~~~~~~~~~~~~~~~~~~~~~^^^^^
  File "D:\VIT - PROJECT\Real-Time-Face-Attendence-System\.venv\Lib\site-packages\flask\app.py", line 500, in raise_routing_exception
    raise request.routing_exception  # type: ignore[misc]
    ^^^^^^^^^^^^^^^^^^^^^^^^^^^^^^^
  File "D:\VIT - PROJECT\Real-Time-Face-Attendence-System\.venv\Lib\site-packages\flask\ctx.py", line 362, in match_request
    result = self.url_adapter.match(return_rule=True)  # type: ignore
  File "D:\VIT - PROJECT\Real-Time-Face-Attendence-System\.venv\Lib\site-packages\werkzeug\routing\map.py", line 629, in match
    raise NotFound() from None
werkzeug.exceptions.NotFound: 404 Not Found: The requested URL was not found on the server. If you entered the URL manually please check your spelling and try again.

During handling of the above exception, another exception occurred:

Traceback (most recent call last):
  File "D:\VIT - PROJECT\Real-Time-Face-Attendence-System\.venv\Lib\site-packages\flask\app.py", line 1511, in wsgi_app
    response = self.full_dispatch_request()
  File "D:\VIT - PROJECT\Real-Time-Face-Attendence-System\.venv\Lib\site-packages\flask\app.py", line 919, in full_dispatch_request
    rv = self.handle_user_exception(e)
  File "D:\VIT - PROJECT\Real-Time-Face-Attendence-System\.venv\Lib\site-packages\flask\app.py", line 802, in handle_user_exception
    return self.handle_http_exception(e)
           ~~~~~~~~~~~~~~~~~~~~~~~~~~^^^
  File "D:\VIT - PROJECT\Real-Time-Face-Attendence-System\.venv\Lib\site-packages\flask\app.py", line 777, in handle_http_exception
    return self.ensure_sync(handler)(e)  # type: ignore[no-any-return]
           ~~~~~~~~~~~~~~~~~~~~~~~~~^^^
  File "D:\VIT - PROJECT\Real-Time-Face-Attendence-System\app\__init__.py", line 583, in not_found
    return render_template('error.html', error='Page not found'), 404
           ~~~~~~~~~~~~~~~^^^^^^^^^^^^^^^^^^^^^^^^^^^^^^^^^^^^^^
  File "D:\VIT - PROJECT\Real-Time-Face-Attendence-System\.venv\Lib\site-packages\flask\templating.py", line 150, in render_template
    template = app.jinja_env.get_or_select_template(template_name_or_list)
  File "D:\VIT - PROJECT\Real-Time-Face-Attendence-System\.venv\Lib\site-packages\jinja2\environment.py", line 1087, in get_or_select_template
    return self.get_template(template_name_or_list, parent, globals)
           ~~~~~~~~~~~~~~~~~^^^^^^^^^^^^^^^^^^^^^^^^^^^^^^^^^^^^^^^^
  File "D:\VIT - PROJECT\Real-Time-Face-Attendence-System\.venv\Lib\site-packages\jinja2\environment.py", line 1016, in get_template
    return self._load_template(name, globals)
           ~~~~~~~~~~~~~~~~~~~^^^^^^^^^^^^^^^
  File "D:\VIT - PROJECT\Real-Time-Face-Attendence-System\.venv\Lib\site-packages\jinja2\environment.py", line 975, in _load_template
    template = self.loader.load(self, name, self.make_globals(globals))
  File "D:\VIT - PROJECT\Real-Time-Face-Attendence-System\.venv\Lib\site-packages\jinja2\loaders.py", line 126, in load
    source, filename, uptodate = self.get_source(environment, name)
                                 ~~~~~~~~~~~~~~~^^^^^^^^^^^^^^^^^^^
  File "D:\VIT - PROJECT\Real-Time-Face-Attendence-System\.venv\Lib\site-packages\flask\templating.py", line 66, in get_source
    return self._get_source_fast(environment, template)
           ~~~~~~~~~~~~~~~~~~~~~^^^^^^^^^^^^^^^^^^^^^^^
  File "D:\VIT - PROJECT\Real-Time-Face-Attendence-System\.venv\Lib\site-packages\flask\templating.py", line 100, in _get_source_fast
    raise TemplateNotFound(template)
jinja2.exceptions.TemplateNotFound: error.html
2026-02-22 16:32:13 - app - ERROR - Server error: 500 Internal Server Error: The server encountered an internal error and was unable to complete your request. Either the server is overloaded or there is an error in the application.
2026-02-22 16:32:13 - werkzeug - INFO - 127.0.0.1 - - [22/Feb/2026 16:32:13] "[35m[1mGET /favicon.ico HTTP/1.1[0m" 500 -
2026-02-22 16:32:13 - werkzeug - ERROR - Error on request:
Traceback (most recent call last):
  File "D:\VIT - PROJECT\Real-Time-Face-Attendence-System\.venv\Lib\site-packages\flask\app.py", line 917, in full_dispatch_request
    rv = self.dispatch_request()
  File "D:\VIT - PROJECT\Real-Time-Face-Attendence-System\.venv\Lib\site-packages\flask\app.py", line 891, in dispatch_request
    self.raise_routing_exception(req)
    ~~~~~~~~~~~~~~~~~~~~~~~~~~~~^^^^^
  File "D:\VIT - PROJECT\Real-Time-Face-Attendence-System\.venv\Lib\site-packages\flask\app.py", line 500, in raise_routing_exception
    raise request.routing_exception  # type: ignore[misc]
    ^^^^^^^^^^^^^^^^^^^^^^^^^^^^^^^
  File "D:\VIT - PROJECT\Real-Time-Face-Attendence-System\.venv\Lib\site-packages\flask\ctx.py", line 362, in match_request
    result = self.url_adapter.match(return_rule=True)  # type: ignore
  File "D:\VIT - PROJECT\Real-Time-Face-Attendence-System\.venv\Lib\site-packages\werkzeug\routing\map.py", line 629, in match
    raise NotFound() from None
werkzeug.exceptions.NotFound: 404 Not Found: The requested URL was not found on the server. If you entered the URL manually please check your spelling and try again.

During handling of the above exception, another exception occurred:

Traceback (most recent call last):
  File "D:\VIT - PROJECT\Real-Time-Face-Attendence-System\.venv\Lib\site-packages\flask\app.py", line 1511, in wsgi_app
    response = self.full_dispatch_request()
  File "D:\VIT - PROJECT\Real-Time-Face-Attendence-System\.venv\Lib\site-packages\flask\app.py", line 919, in full_dispatch_request
    rv = self.handle_user_exception(e)
  File "D:\VIT - PROJECT\Real-Time-Face-Attendence-System\.venv\Lib\site-packages\flask\app.py", line 802, in handle_user_exception
    return self.handle_http_exception(e)
           ~~~~~~~~~~~~~~~~~~~~~~~~~~^^^
  File "D:\VIT - PROJECT\Real-Time-Face-Attendence-System\.venv\Lib\site-packages\flask\app.py", line 777, in handle_http_exception
    return self.ensure_sync(handler)(e)  # type: ignore[no-any-return]
           ~~~~~~~~~~~~~~~~~~~~~~~~~^^^
  File "D:\VIT - PROJECT\Real-Time-Face-Attendence-System\app\__init__.py", line 583, in not_found
    return render_template('error.html', error='Page not found'), 404
           ~~~~~~~~~~~~~~~^^^^^^^^^^^^^^^^^^^^^^^^^^^^^^^^^^^^^^
  File "D:\VIT - PROJECT\Real-Time-Face-Attendence-System\.venv\Lib\site-packages\flask\templating.py", line 150, in render_template
    template = app.jinja_env.get_or_select_template(template_name_or_list)
  File "D:\VIT - PROJECT\Real-Time-Face-Attendence-System\.venv\Lib\site-packages\jinja2\environment.py", line 1087, in get_or_select_template
    return self.get_template(template_name_or_list, parent, globals)
           ~~~~~~~~~~~~~~~~~^^^^^^^^^^^^^^^^^^^^^^^^^^^^^^^^^^^^^^^^
  File "D:\VIT - PROJECT\Real-Time-Face-Attendence-System\.venv\Lib\site-packages\jinja2\environment.py", line 1016, in get_template
    return self._load_template(name, globals)
           ~~~~~~~~~~~~~~~~~~~^^^^^^^^^^^^^^^
  File "D:\VIT - PROJECT\Real-Time-Face-Attendence-System\.venv\Lib\site-packages\jinja2\environment.py", line 975, in _load_template
    template = self.loader.load(self, name, self.make_globals(globals))
  File "D:\VIT - PROJECT\Real-Time-Face-Attendence-System\.venv\Lib\site-packages\jinja2\loaders.py", line 126, in load
    source, filename, uptodate = self.get_source(environment, name)
                                 ~~~~~~~~~~~~~~~^^^^^^^^^^^^^^^^^^^
  File "D:\VIT - PROJECT\Real-Time-Face-Attendence-System\.venv\Lib\site-packages\flask\templating.py", line 66, in get_source
    return self._get_source_fast(environment, template)
           ~~~~~~~~~~~~~~~~~~~~~^^^^^^^^^^^^^^^^^^^^^^^
  File "D:\VIT - PROJECT\Real-Time-Face-Attendence-System\.venv\Lib\site-packages\flask\templating.py", line 100, in _get_source_fast
    raise TemplateNotFound(template)
jinja2.exceptions.TemplateNotFound: error.html

During handling of the above exception, another exception occurred:

Traceback (most recent call last):
  File "D:\VIT - PROJECT\Real-Time-Face-Attendence-System\.venv\Lib\site-packages\werkzeug\serving.py", line 370, in run_wsgi
    execute(self.server.app)
    ~~~~~~~^^^^^^^^^^^^^^^^^
  File "D:\VIT - PROJECT\Real-Time-Face-Attendence-System\.venv\Lib\site-packages\werkzeug\serving.py", line 331, in execute
    application_iter = app(environ, start_response)
  File "D:\VIT - PROJECT\Real-Time-Face-Attendence-System\.venv\Lib\site-packages\flask\app.py", line 1536, in __call__
    return self.wsgi_app(environ, start_response)
           ~~~~~~~~~~~~~^^^^^^^^^^^^^^^^^^^^^^^^^
  File "D:\VIT - PROJECT\Real-Time-Face-Attendence-System\.venv\Lib\site-packages\flask\app.py", line 1514, in wsgi_app
    response = self.handle_exception(e)
  File "D:\VIT - PROJECT\Real-Time-Face-Attendence-System\.venv\Lib\site-packages\flask\app.py", line 860, in handle_exception
    server_error = self.ensure_sync(handler)(server_error)
  File "D:\VIT - PROJECT\Real-Time-Face-Attendence-System\app\__init__.py", line 590, in server_error
    return render_template('error.html', error='Internal server error'), 500
           ~~~~~~~~~~~~~~~^^^^^^^^^^^^^^^^^^^^^^^^^^^^^^^^^^^^^^^^^^^^^
  File "D:\VIT - PROJECT\Real-Time-Face-Attendence-System\.venv\Lib\site-packages\flask\templating.py", line 150, in render_template
    template = app.jinja_env.get_or_select_template(template_name_or_list)
  File "D:\VIT - PROJECT\Real-Time-Face-Attendence-System\.venv\Lib\site-packages\jinja2\environment.py", line 1087, in get_or_select_template
    return self.get_template(template_name_or_list, parent, globals)
           ~~~~~~~~~~~~~~~~~^^^^^^^^^^^^^^^^^^^^^^^^^^^^^^^^^^^^^^^^
  File "D:\VIT - PROJECT\Real-Time-Face-Attendence-System\.venv\Lib\site-packages\jinja2\environment.py", line 1016, in get_template
    return self._load_template(name, globals)
           ~~~~~~~~~~~~~~~~~~~^^^^^^^^^^^^^^^
  File "D:\VIT - PROJECT\Real-Time-Face-Attendence-System\.venv\Lib\site-packages\jinja2\environment.py", line 975, in _load_template
    template = self.loader.load(self, name, self.make_globals(globals))
  File "D:\VIT - PROJECT\Real-Time-Face-Attendence-System\.venv\Lib\site-packages\jinja2\loaders.py", line 126, in load
    source, filename, uptodate = self.get_source(environment, name)
                                 ~~~~~~~~~~~~~~~^^^^^^^^^^^^^^^^^^^
  File "D:\VIT - PROJECT\Real-Time-Face-Attendence-System\.venv\Lib\site-packages\flask\templating.py", line 66, in get_source
    return self._get_source_fast(environment, template)
           ~~~~~~~~~~~~~~~~~~~~~^^^^^^^^^^^^^^^^^^^^^^^
  File "D:\VIT - PROJECT\Real-Time-Face-Attendence-System\.venv\Lib\site-packages\flask\templating.py", line 100, in _get_source_fast
    raise TemplateNotFound(template)
jinja2.exceptions.TemplateNotFound: error.html
2026-02-22 16:33:08 - app - ERROR - Exception on / [GET]
Traceback (most recent call last):
  File "D:\VIT - PROJECT\Real-Time-Face-Attendence-System\.venv\Lib\site-packages\flask\app.py", line 1511, in wsgi_app
    response = self.full_dispatch_request()
  File "D:\VIT - PROJECT\Real-Time-Face-Attendence-System\.venv\Lib\site-packages\flask\app.py", line 919, in full_dispatch_request
    rv = self.handle_user_exception(e)
  File "D:\VIT - PROJECT\Real-Time-Face-Attendence-System\.venv\Lib\site-packages\flask\app.py", line 917, in full_dispatch_request
    rv = self.dispatch_request()
  File "D:\VIT - PROJECT\Real-Time-Face-Attendence-System\.venv\Lib\site-packages\flask\app.py", line 902, in dispatch_request
    return self.ensure_sync(self.view_functions[rule.endpoint])(**view_args)  # type: ignore[no-any-return]
           ~~~~~~~~~~~~~~~~~~~~~~~~~~~~~~~~~~~~~~~~~~~~~~~~~~~~^^^^^^^^^^^^^
  File "D:\VIT - PROJECT\Real-Time-Face-Attendence-System\app\__init__.py", line 332, in index
    return render_template('index.html', stats=stats)
  File "D:\VIT - PROJECT\Real-Time-Face-Attendence-System\.venv\Lib\site-packages\flask\templating.py", line 150, in render_template
    template = app.jinja_env.get_or_select_template(template_name_or_list)
  File "D:\VIT - PROJECT\Real-Time-Face-Attendence-System\.venv\Lib\site-packages\jinja2\environment.py", line 1087, in get_or_select_template
    return self.get_template(template_name_or_list, parent, globals)
           ~~~~~~~~~~~~~~~~~^^^^^^^^^^^^^^^^^^^^^^^^^^^^^^^^^^^^^^^^
  File "D:\VIT - PROJECT\Real-Time-Face-Attendence-System\.venv\Lib\site-packages\jinja2\environment.py", line 1016, in get_template
    return self._load_template(name, globals)
           ~~~~~~~~~~~~~~~~~~~^^^^^^^^^^^^^^^
  File "D:\VIT - PROJECT\Real-Time-Face-Attendence-System\.venv\Lib\site-packages\jinja2\environment.py", line 975, in _load_template
    template = self.loader.load(self, name, self.make_globals(globals))
  File "D:\VIT - PROJECT\Real-Time-Face-Attendence-System\.venv\Lib\site-packages\jinja2\loaders.py", line 126, in load
    source, filename, uptodate = self.get_source(environment, name)
                                 ~~~~~~~~~~~~~~~^^^^^^^^^^^^^^^^^^^
  File "D:\VIT - PROJECT\Real-Time-Face-Attendence-System\.venv\Lib\site-packages\flask\templating.py", line 66, in get_source
    return self._get_source_fast(environment, template)
           ~~~~~~~~~~~~~~~~~~~~~^^^^^^^^^^^^^^^^^^^^^^^
  File "D:\VIT - PROJECT\Real-Time-Face-Attendence-System\.venv\Lib\site-packages\flask\templating.py", line 100, in _get_source_fast
    raise TemplateNotFound(template)
jinja2.exceptions.TemplateNotFound: index.html
2026-02-22 16:33:08 - app - ERROR - Server error: 500 Internal Server Error: The server encountered an internal error and was unable to complete your request. Either the server is overloaded or there is an error in the application.
2026-02-22 16:33:08 - werkzeug - INFO - 172.20.200.41 - - [22/Feb/2026 16:33:08] "[35m[1mGET / HTTP/1.1[0m" 500 -
2026-02-22 16:33:08 - werkzeug - ERROR - Error on request:
Traceback (most recent call last):
  File "D:\VIT - PROJECT\Real-Time-Face-Attendence-System\.venv\Lib\site-packages\flask\app.py", line 1511, in wsgi_app
    response = self.full_dispatch_request()
  File "D:\VIT - PROJECT\Real-Time-Face-Attendence-System\.venv\Lib\site-packages\flask\app.py", line 919, in full_dispatch_request
    rv = self.handle_user_exception(e)
  File "D:\VIT - PROJECT\Real-Time-Face-Attendence-System\.venv\Lib\site-packages\flask\app.py", line 917, in full_dispatch_request
    rv = self.dispatch_request()
  File "D:\VIT - PROJECT\Real-Time-Face-Attendence-System\.venv\Lib\site-packages\flask\app.py", line 902, in dispatch_request
    return self.ensure_sync(self.view_functions[rule.endpoint])(**view_args)  # type: ignore[no-any-return]
           ~~~~~~~~~~~~~~~~~~~~~~~~~~~~~~~~~~~~~~~~~~~~~~~~~~~~^^^^^^^^^^^^^
  File "D:\VIT - PROJECT\Real-Time-Face-Attendence-System\app\__init__.py", line 332, in index
    return render_template('index.html', stats=stats)
  File "D:\VIT - PROJECT\Real-Time-Face-Attendence-System\.venv\Lib\site-packages\flask\templating.py", line 150, in render_template
    template = app.jinja_env.get_or_select_template(template_name_or_list)
  File "D:\VIT - PROJECT\Real-Time-Face-Attendence-System\.venv\Lib\site-packages\jinja2\environment.py", line 1087, in get_or_select_template
    return self.get_template(template_name_or_list, parent, globals)
           ~~~~~~~~~~~~~~~~~^^^^^^^^^^^^^^^^^^^^^^^^^^^^^^^^^^^^^^^^
  File "D:\VIT - PROJECT\Real-Time-Face-Attendence-System\.venv\Lib\site-packages\jinja2\environment.py", line 1016, in get_template
    return self._load_template(name, globals)
           ~~~~~~~~~~~~~~~~~~~^^^^^^^^^^^^^^^
  File "D:\VIT - PROJECT\Real-Time-Face-Attendence-System\.venv\Lib\site-packages\jinja2\environment.py", line 975, in _load_template
    template = self.loader.load(self, name, self.make_globals(globals))
  File "D:\VIT - PROJECT\Real-Time-Face-Attendence-System\.venv\Lib\site-packages\jinja2\loaders.py", line 126, in load
    source, filename, uptodate = self.get_source(environment, name)
                                 ~~~~~~~~~~~~~~~^^^^^^^^^^^^^^^^^^^
  File "D:\VIT - PROJECT\Real-Time-Face-Attendence-System\.venv\Lib\site-packages\flask\templating.py", line 66, in get_source
    return self._get_source_fast(environment, template)
           ~~~~~~~~~~~~~~~~~~~~~^^^^^^^^^^^^^^^^^^^^^^^
  File "D:\VIT - PROJECT\Real-Time-Face-Attendence-System\.venv\Lib\site-packages\flask\templating.py", line 100, in _get_source_fast
    raise TemplateNotFound(template)
jinja2.exceptions.TemplateNotFound: index.html

During handling of the above exception, another exception occurred:

Traceback (most recent call last):
  File "D:\VIT - PROJECT\Real-Time-Face-Attendence-System\.venv\Lib\site-packages\werkzeug\serving.py", line 370, in run_wsgi
    execute(self.server.app)
    ~~~~~~~^^^^^^^^^^^^^^^^^
  File "D:\VIT - PROJECT\Real-Time-Face-Attendence-System\.venv\Lib\site-packages\werkzeug\serving.py", line 331, in execute
    application_iter = app(environ, start_response)
  File "D:\VIT - PROJECT\Real-Time-Face-Attendence-System\.venv\Lib\site-packages\flask\app.py", line 1536, in __call__
    return self.wsgi_app(environ, start_response)
           ~~~~~~~~~~~~~^^^^^^^^^^^^^^^^^^^^^^^^^
  File "D:\VIT - PROJECT\Real-Time-Face-Attendence-System\.venv\Lib\site-packages\flask\app.py", line 1514, in wsgi_app
    response = self.handle_exception(e)
  File "D:\VIT - PROJECT\Real-Time-Face-Attendence-System\.venv\Lib\site-packages\flask\app.py", line 860, in handle_exception
    server_error = self.ensure_sync(handler)(server_error)
  File "D:\VIT - PROJECT\Real-Time-Face-Attendence-System\app\__init__.py", line 590, in server_error
    return render_template('error.html', error='Internal server error'), 500
           ~~~~~~~~~~~~~~~^^^^^^^^^^^^^^^^^^^^^^^^^^^^^^^^^^^^^^^^^^^^^
  File "D:\VIT - PROJECT\Real-Time-Face-Attendence-System\.venv\Lib\site-packages\flask\templating.py", line 150, in render_template
    template = app.jinja_env.get_or_select_template(template_name_or_list)
  File "D:\VIT - PROJECT\Real-Time-Face-Attendence-System\.venv\Lib\site-packages\jinja2\environment.py", line 1087, in get_or_select_template
    return self.get_template(template_name_or_list, parent, globals)
           ~~~~~~~~~~~~~~~~~^^^^^^^^^^^^^^^^^^^^^^^^^^^^^^^^^^^^^^^^
  File "D:\VIT - PROJECT\Real-Time-Face-Attendence-System\.venv\Lib\site-packages\jinja2\environment.py", line 1016, in get_template
    return self._load_template(name, globals)
           ~~~~~~~~~~~~~~~~~~~^^^^^^^^^^^^^^^
  File "D:\VIT - PROJECT\Real-Time-Face-Attendence-System\.venv\Lib\site-packages\jinja2\environment.py", line 975, in _load_template
    template = self.loader.load(self, name, self.make_globals(globals))
  File "D:\VIT - PROJECT\Real-Time-Face-Attendence-System\.venv\Lib\site-packages\jinja2\loaders.py", line 126, in load
    source, filename, uptodate = self.get_source(environment, name)
                                 ~~~~~~~~~~~~~~~^^^^^^^^^^^^^^^^^^^
  File "D:\VIT - PROJECT\Real-Time-Face-Attendence-System\.venv\Lib\site-packages\flask\templating.py", line 66, in get_source
    return self._get_source_fast(environment, template)
           ~~~~~~~~~~~~~~~~~~~~~^^^^^^^^^^^^^^^^^^^^^^^
  File "D:\VIT - PROJECT\Real-Time-Face-Attendence-System\.venv\Lib\site-packages\flask\templating.py", line 100, in _get_source_fast
    raise TemplateNotFound(template)
jinja2.exceptions.TemplateNotFound: error.html
2026-02-22 16:33:08 - app - ERROR - Exception on /favicon.ico [GET]
Traceback (most recent call last):
  File "D:\VIT - PROJECT\Real-Time-Face-Attendence-System\.venv\Lib\site-packages\flask\app.py", line 917, in full_dispatch_request
    rv = self.dispatch_request()
  File "D:\VIT - PROJECT\Real-Time-Face-Attendence-System\.venv\Lib\site-packages\flask\app.py", line 891, in dispatch_request
    self.raise_routing_exception(req)
    ~~~~~~~~~~~~~~~~~~~~~~~~~~~~^^^^^
  File "D:\VIT - PROJECT\Real-Time-Face-Attendence-System\.venv\Lib\site-packages\flask\app.py", line 500, in raise_routing_exception
    raise request.routing_exception  # type: ignore[misc]
    ^^^^^^^^^^^^^^^^^^^^^^^^^^^^^^^
  File "D:\VIT - PROJECT\Real-Time-Face-Attendence-System\.venv\Lib\site-packages\flask\ctx.py", line 362, in match_request
    result = self.url_adapter.match(return_rule=True)  # type: ignore
  File "D:\VIT - PROJECT\Real-Time-Face-Attendence-System\.venv\Lib\site-packages\werkzeug\routing\map.py", line 629, in match
    raise NotFound() from None
werkzeug.exceptions.NotFound: 404 Not Found: The requested URL was not found on the server. If you entered the URL manually please check your spelling and try again.

During handling of the above exception, another exception occurred:

Traceback (most recent call last):
  File "D:\VIT - PROJECT\Real-Time-Face-Attendence-System\.venv\Lib\site-packages\flask\app.py", line 1511, in wsgi_app
    response = self.full_dispatch_request()
  File "D:\VIT - PROJECT\Real-Time-Face-Attendence-System\.venv\Lib\site-packages\flask\app.py", line 919, in full_dispatch_request
    rv = self.handle_user_exception(e)
  File "D:\VIT - PROJECT\Real-Time-Face-Attendence-System\.venv\Lib\site-packages\flask\app.py", line 802, in handle_user_exception
    return self.handle_http_exception(e)
           ~~~~~~~~~~~~~~~~~~~~~~~~~~^^^
  File "D:\VIT - PROJECT\Real-Time-Face-Attendence-System\.venv\Lib\site-packages\flask\app.py", line 777, in handle_http_exception
    return self.ensure_sync(handler)(e)  # type: ignore[no-any-return]
           ~~~~~~~~~~~~~~~~~~~~~~~~~^^^
  File "D:\VIT - PROJECT\Real-Time-Face-Attendence-System\app\__init__.py", line 583, in not_found
    return render_template('error.html', error='Page not found'), 404
           ~~~~~~~~~~~~~~~^^^^^^^^^^^^^^^^^^^^^^^^^^^^^^^^^^^^^^
  File "D:\VIT - PROJECT\Real-Time-Face-Attendence-System\.venv\Lib\site-packages\flask\templating.py", line 150, in render_template
    template = app.jinja_env.get_or_select_template(template_name_or_list)
  File "D:\VIT - PROJECT\Real-Time-Face-Attendence-System\.venv\Lib\site-packages\jinja2\environment.py", line 1087, in get_or_select_template
    return self.get_template(template_name_or_list, parent, globals)
           ~~~~~~~~~~~~~~~~~^^^^^^^^^^^^^^^^^^^^^^^^^^^^^^^^^^^^^^^^
  File "D:\VIT - PROJECT\Real-Time-Face-Attendence-System\.venv\Lib\site-packages\jinja2\environment.py", line 1016, in get_template
    return self._load_template(name, globals)
           ~~~~~~~~~~~~~~~~~~~^^^^^^^^^^^^^^^
  File "D:\VIT - PROJECT\Real-Time-Face-Attendence-System\.venv\Lib\site-packages\jinja2\environment.py", line 975, in _load_template
    template = self.loader.load(self, name, self.make_globals(globals))
  File "D:\VIT - PROJECT\Real-Time-Face-Attendence-System\.venv\Lib\site-packages\jinja2\loaders.py", line 126, in load
    source, filename, uptodate = self.get_source(environment, name)
                                 ~~~~~~~~~~~~~~~^^^^^^^^^^^^^^^^^^^
  File "D:\VIT - PROJECT\Real-Time-Face-Attendence-System\.venv\Lib\site-packages\flask\templating.py", line 66, in get_source
    return self._get_source_fast(environment, template)
           ~~~~~~~~~~~~~~~~~~~~~^^^^^^^^^^^^^^^^^^^^^^^
  File "D:\VIT - PROJECT\Real-Time-Face-Attendence-System\.venv\Lib\site-packages\flask\templating.py", line 100, in _get_source_fast
    raise TemplateNotFound(template)
jinja2.exceptions.TemplateNotFound: error.html
2026-02-22 16:33:08 - app - ERROR - Server error: 500 Internal Server Error: The server encountered an internal error and was unable to complete your request. Either the server is overloaded or there is an error in the application.
2026-02-22 16:33:08 - werkzeug - INFO - 172.20.200.41 - - [22/Feb/2026 16:33:08] "[35m[1mGET /favicon.ico HTTP/1.1[0m" 500 -
2026-02-22 16:33:08 - werkzeug - ERROR - Error on request:
Traceback (most recent call last):
  File "D:\VIT - PROJECT\Real-Time-Face-Attendence-System\.venv\Lib\site-packages\flask\app.py", line 917, in full_dispatch_request
    rv = self.dispatch_request()
  File "D:\VIT - PROJECT\Real-Time-Face-Attendence-System\.venv\Lib\site-packages\flask\app.py", line 891, in dispatch_request
    self.raise_routing_exception(req)
    ~~~~~~~~~~~~~~~~~~~~~~~~~~~~^^^^^
  File "D:\VIT - PROJECT\Real-Time-Face-Attendence-System\.venv\Lib\site-packages\flask\app.py", line 500, in raise_routing_exception
    raise request.routing_exception  # type: ignore[misc]
    ^^^^^^^^^^^^^^^^^^^^^^^^^^^^^^^
  File "D:\VIT - PROJECT\Real-Time-Face-Attendence-System\.venv\Lib\site-packages\flask\ctx.py", line 362, in match_request
    result = self.url_adapter.match(return_rule=True)  # type: ignore
  File "D:\VIT - PROJECT\Real-Time-Face-Attendence-System\.venv\Lib\site-packages\werkzeug\routing\map.py", line 629, in match
    raise NotFound() from None
werkzeug.exceptions.NotFound: 404 Not Found: The requested URL was not found on the server. If you entered the URL manually please check your spelling and try again.

During handling of the above exception, another exception occurred:

Traceback (most recent call last):
  File "D:\VIT - PROJECT\Real-Time-Face-Attendence-System\.venv\Lib\site-packages\flask\app.py", line 1511, in wsgi_app
    response = self.full_dispatch_request()
  File "D:\VIT - PROJECT\Real-Time-Face-Attendence-System\.venv\Lib\site-packages\flask\app.py", line 919, in full_dispatch_request
    rv = self.handle_user_exception(e)
  File "D:\VIT - PROJECT\Real-Time-Face-Attendence-System\.venv\Lib\site-packages\flask\app.py", line 802, in handle_user_exception
    return self.handle_http_exception(e)
           ~~~~~~~~~~~~~~~~~~~~~~~~~~^^^
  File "D:\VIT - PROJECT\Real-Time-Face-Attendence-System\.venv\Lib\site-packages\flask\app.py", line 777, in handle_http_exception
    return self.ensure_sync(handler)(e)  # type: ignore[no-any-return]
           ~~~~~~~~~~~~~~~~~~~~~~~~~^^^
  File "D:\VIT - PROJECT\Real-Time-Face-Attendence-System\app\__init__.py", line 583, in not_found
    return render_template('error.html', error='Page not found'), 404
           ~~~~~~~~~~~~~~~^^^^^^^^^^^^^^^^^^^^^^^^^^^^^^^^^^^^^^
  File "D:\VIT - PROJECT\Real-Time-Face-Attendence-System\.venv\Lib\site-packages\flask\templating.py", line 150, in render_template
    template = app.jinja_env.get_or_select_template(template_name_or_list)
  File "D:\VIT - PROJECT\Real-Time-Face-Attendence-System\.venv\Lib\site-packages\jinja2\environment.py", line 1087, in get_or_select_template
    return self.get_template(template_name_or_list, parent, globals)
           ~~~~~~~~~~~~~~~~~^^^^^^^^^^^^^^^^^^^^^^^^^^^^^^^^^^^^^^^^
  File "D:\VIT - PROJECT\Real-Time-Face-Attendence-System\.venv\Lib\site-packages\jinja2\environment.py", line 1016, in get_template
    return self._load_template(name, globals)
           ~~~~~~~~~~~~~~~~~~~^^^^^^^^^^^^^^^
  File "D:\VIT - PROJECT\Real-Time-Face-Attendence-System\.venv\Lib\site-packages\jinja2\environment.py", line 975, in _load_template
    template = self.loader.load(self, name, self.make_globals(globals))
  File "D:\VIT - PROJECT\Real-Time-Face-Attendence-System\.venv\Lib\site-packages\jinja2\loaders.py", line 126, in load
    source, filename, uptodate = self.get_source(environment, name)
                                 ~~~~~~~~~~~~~~~^^^^^^^^^^^^^^^^^^^
  File "D:\VIT - PROJECT\Real-Time-Face-Attendence-System\.venv\Lib\site-packages\flask\templating.py", line 66, in get_source
    return self._get_source_fast(environment, template)
           ~~~~~~~~~~~~~~~~~~~~~^^^^^^^^^^^^^^^^^^^^^^^
  File "D:\VIT - PROJECT\Real-Time-Face-Attendence-System\.venv\Lib\site-packages\flask\templating.py", line 100, in _get_source_fast
    raise TemplateNotFound(template)
jinja2.exceptions.TemplateNotFound: error.html

During handling of the above exception, another exception occurred:

Traceback (most recent call last):
  File "D:\VIT - PROJECT\Real-Time-Face-Attendence-System\.venv\Lib\site-packages\werkzeug\serving.py", line 370, in run_wsgi
    execute(self.server.app)
    ~~~~~~~^^^^^^^^^^^^^^^^^
  File "D:\VIT - PROJECT\Real-Time-Face-Attendence-System\.venv\Lib\site-packages\werkzeug\serving.py", line 331, in execute
    application_iter = app(environ, start_response)
  File "D:\VIT - PROJECT\Real-Time-Face-Attendence-System\.venv\Lib\site-packages\flask\app.py", line 1536, in __call__
    return self.wsgi_app(environ, start_response)
           ~~~~~~~~~~~~~^^^^^^^^^^^^^^^^^^^^^^^^^
  File "D:\VIT - PROJECT\Real-Time-Face-Attendence-System\.venv\Lib\site-packages\flask\app.py", line 1514, in wsgi_app
    response = self.handle_exception(e)
  File "D:\VIT - PROJECT\Real-Time-Face-Attendence-System\.venv\Lib\site-packages\flask\app.py", line 860, in handle_exception
    server_error = self.ensure_sync(handler)(server_error)
  File "D:\VIT - PROJECT\Real-Time-Face-Attendence-System\app\__init__.py", line 590, in server_error
    return render_template('error.html', error='Internal server error'), 500
           ~~~~~~~~~~~~~~~^^^^^^^^^^^^^^^^^^^^^^^^^^^^^^^^^^^^^^^^^^^^^
  File "D:\VIT - PROJECT\Real-Time-Face-Attendence-System\.venv\Lib\site-packages\flask\templating.py", line 150, in render_template
    template = app.jinja_env.get_or_select_template(template_name_or_list)
  File "D:\VIT - PROJECT\Real-Time-Face-Attendence-System\.venv\Lib\site-packages\jinja2\environment.py", line 1087, in get_or_select_template
    return self.get_template(template_name_or_list, parent, globals)
           ~~~~~~~~~~~~~~~~~^^^^^^^^^^^^^^^^^^^^^^^^^^^^^^^^^^^^^^^^
  File "D:\VIT - PROJECT\Real-Time-Face-Attendence-System\.venv\Lib\site-packages\jinja2\environment.py", line 1016, in get_template
    return self._load_template(name, globals)
           ~~~~~~~~~~~~~~~~~~~^^^^^^^^^^^^^^^
  File "D:\VIT - PROJECT\Real-Time-Face-Attendence-System\.venv\Lib\site-packages\jinja2\environment.py", line 975, in _load_template
    template = self.loader.load(self, name, self.make_globals(globals))
  File "D:\VIT - PROJECT\Real-Time-Face-Attendence-System\.venv\Lib\site-packages\jinja2\loaders.py", line 126, in load
    source, filename, uptodate = self.get_source(environment, name)
                                 ~~~~~~~~~~~~~~~^^^^^^^^^^^^^^^^^^^
  File "D:\VIT - PROJECT\Real-Time-Face-Attendence-System\.venv\Lib\site-packages\flask\templating.py", line 66, in get_source
    return self._get_source_fast(environment, template)
           ~~~~~~~~~~~~~~~~~~~~~^^^^^^^^^^^^^^^^^^^^^^^
  File "D:\VIT - PROJECT\Real-Time-Face-Attendence-System\.venv\Lib\site-packages\flask\templating.py", line 100, in _get_source_fast
    raise TemplateNotFound(template)
jinja2.exceptions.TemplateNotFound: error.html
2026-02-22 16:57:00 - app - INFO - System cleanup complete
2026-02-22 17:03:50 - app.recognition - INFO - FaceEncoder initialized with model=VGG-Face
2026-02-22 17:03:50 - app.recognition - INFO - DatasetEncoder initialized with dataset=D:\VIT - PROJECT\Real-Time-Face-Attendence-System\dataset
2026-02-22 17:03:50 - app.recognition - INFO - Starting to encode 2 students
2026-02-22 17:03:50 - app.recognition - INFO - Loading VGG-Face model (first use)...
2026-02-22 17:03:51 - urllib3.connectionpool - DEBUG - Starting new HTTPS connection (1): github.com:443
2026-02-22 17:03:52 - urllib3.connectionpool - DEBUG - https://github.com:443 "GET /serengil/deepface_models/releases/download/v1.0/vgg_face_weights.h5 HTTP/1.1" 302 0
2026-02-22 17:03:52 - urllib3.connectionpool - DEBUG - Starting new HTTPS connection (1): release-assets.githubusercontent.com:443
2026-02-22 17:03:52 - urllib3.connectionpool - DEBUG - https://release-assets.githubusercontent.com:443 "GET /github-production-release-asset/382368840/6bf9ba80-db5a-11eb-8b48-84b0d02a64ec?sp=r&sv=2018-11-09&sr=b&spr=https&se=2026-02-22T12%3A30%3A21Z&rscd=attachment%3B+filename%3Dvgg_face_weights.h5&rsct=application%2Foctet-stream&skoid=96c2d410-5711-43a1-aedd-ab1947aa7ab0&sktid=398a6654-997b-47e9-b12b-9515b896b4de&skt=2026-02-22T11%3A29%3A38Z&ske=2026-02-22T12%3A30%3A21Z&sks=b&skv=2018-11-09&sig=0MEhipuSra3NJwd9IiDS%2B1LyrWOQGh823N9BJh7HyAg%3D&jwt=eyJ0eXAiOiJKV1QiLCJhbGciOiJIUzI1NiJ9.eyJpc3MiOiJnaXRodWIuY29tIiwiYXVkIjoicmVsZWFzZS1hc3NldHMuZ2l0aHVidXNlcmNvbnRlbnQuY29tIiwia2V5Ijoia2V5MSIsImV4cCI6MTc3MTc2MzYzMSwibmJmIjoxNzcxNzYwMDMxLCJwYXRoIjoicmVsZWFzZWFzc2V0cHJvZHVjdGlvbi5ibG9iLmNvcmUud2luZG93cy5uZXQifQ.MWI8HcKQxUmTa_SO21Flgq_gO6aRmWyaE8HxoG1ZaCg&response-content-disposition=attachment%3B%20filename%3Dvgg_face_weights.h5&response-content-type=application%2Foctet-stream HTTP/1.1" 200 580085408
2026-02-22 17:13:19 - h5py._conv - DEBUG - Creating converter from 3 to 5
2026-02-22 17:13:20 - app.recognition - INFO - VGG-Face model loaded successfully
2026-02-22 17:13:32 - app.recognition - INFO - Encoded 20 faces for Prince_Kumar
2026-02-22 17:13:44 - app.recognition - INFO - Encoded 20 faces for Ritik_Kumar
2026-02-22 17:13:44 - app.recognition - INFO - Dataset encoding complete: 2 students
2026-02-22 17:13:44 - app.recognition - INFO - Encodings saved to D:\VIT - PROJECT\Real-Time-Face-Attendence-System\models\encodings.pkl
2026-02-22 17:13:44 - app - INFO - System cleanup complete
2026-02-22 17:28:52 - app - INFO - Initializing system components...
2026-02-22 17:28:52 - app.database - INFO - Database schema initialized
2026-02-22 17:28:52 - app.database - INFO - DatabaseManager initialized with D:\VIT - PROJECT\Real-Time-Face-Attendence-System\attendance.db
2026-02-22 17:28:52 - app.database - INFO - DatabaseService initialized
2026-02-22 17:28:52 - app - ERROR - Error initializing system: module 'mediapipe' has no attribute 'solutions'
2026-02-22 17:28:52 - werkzeug - INFO - [31m[1mWARNING: This is a development server. Do not use it in a production deployment. Use a production WSGI server instead.[0m
 * Running on all addresses (0.0.0.0)
 * Running on http://127.0.0.1:5000
 * Running on http://172.20.200.41:5000
2026-02-22 17:28:52 - werkzeug - INFO - [33mPress CTRL+C to quit[0m
2026-02-22 17:29:19 - app - ERROR - Exception on / [GET]
Traceback (most recent call last):
  File "D:\VIT - PROJECT\Real-Time-Face-Attendence-System\.venv\Lib\site-packages\flask\app.py", line 1511, in wsgi_app
    response = self.full_dispatch_request()
  File "D:\VIT - PROJECT\Real-Time-Face-Attendence-System\.venv\Lib\site-packages\flask\app.py", line 919, in full_dispatch_request
    rv = self.handle_user_exception(e)
  File "D:\VIT - PROJECT\Real-Time-Face-Attendence-System\.venv\Lib\site-packages\flask\app.py", line 917, in full_dispatch_request
    rv = self.dispatch_request()
  File "D:\VIT - PROJECT\Real-Time-Face-Attendence-System\.venv\Lib\site-packages\flask\app.py", line 902, in dispatch_request
    return self.ensure_sync(self.view_functions[rule.endpoint])(**view_args)  # type: ignore[no-any-return]
           ~~~~~~~~~~~~~~~~~~~~~~~~~~~~~~~~~~~~~~~~~~~~~~~~~~~~^^^^^^^^^^^^^
  File "D:\VIT - PROJECT\Real-Time-Face-Attendence-System\app\__init__.py", line 332, in index
    return render_template('index.html', stats=stats)
  File "D:\VIT - PROJECT\Real-Time-Face-Attendence-System\.venv\Lib\site-packages\flask\templating.py", line 150, in render_template
    template = app.jinja_env.get_or_select_template(template_name_or_list)
  File "D:\VIT - PROJECT\Real-Time-Face-Attendence-System\.venv\Lib\site-packages\jinja2\environment.py", line 1087, in get_or_select_template
    return self.get_template(template_name_or_list, parent, globals)
           ~~~~~~~~~~~~~~~~~^^^^^^^^^^^^^^^^^^^^^^^^^^^^^^^^^^^^^^^^
  File "D:\VIT - PROJECT\Real-Time-Face-Attendence-System\.venv\Lib\site-packages\jinja2\environment.py", line 1016, in get_template
    return self._load_template(name, globals)
           ~~~~~~~~~~~~~~~~~~~^^^^^^^^^^^^^^^
  File "D:\VIT - PROJECT\Real-Time-Face-Attendence-System\.venv\Lib\site-packages\jinja2\environment.py", line 975, in _load_template
    template = self.loader.load(self, name, self.make_globals(globals))
  File "D:\VIT - PROJECT\Real-Time-Face-Attendence-System\.venv\Lib\site-packages\jinja2\loaders.py", line 126, in load
    source, filename, uptodate = self.get_source(environment, name)
                                 ~~~~~~~~~~~~~~~^^^^^^^^^^^^^^^^^^^
  File "D:\VIT - PROJECT\Real-Time-Face-Attendence-System\.venv\Lib\site-packages\flask\templating.py", line 66, in get_source
    return self._get_source_fast(environment, template)
           ~~~~~~~~~~~~~~~~~~~~~^^^^^^^^^^^^^^^^^^^^^^^
  File "D:\VIT - PROJECT\Real-Time-Face-Attendence-System\.venv\Lib\site-packages\flask\templating.py", line 100, in _get_source_fast
    raise TemplateNotFound(template)
jinja2.exceptions.TemplateNotFound: index.html
2026-02-22 17:29:19 - app - ERROR - Server error: 500 Internal Server Error: The server encountered an internal error and was unable to complete your request. Either the server is overloaded or there is an error in the application.
2026-02-22 17:29:19 - werkzeug - INFO - 127.0.0.1 - - [22/Feb/2026 17:29:19] "[35m[1mGET / HTTP/1.1[0m" 500 -
2026-02-22 17:29:19 - werkzeug - ERROR - Error on request:
Traceback (most recent call last):
  File "D:\VIT - PROJECT\Real-Time-Face-Attendence-System\.venv\Lib\site-packages\flask\app.py", line 1511, in wsgi_app
    response = self.full_dispatch_request()
  File "D:\VIT - PROJECT\Real-Time-Face-Attendence-System\.venv\Lib\site-packages\flask\app.py", line 919, in full_dispatch_request
    rv = self.handle_user_exception(e)
  File "D:\VIT - PROJECT\Real-Time-Face-Attendence-System\.venv\Lib\site-packages\flask\app.py", line 917, in full_dispatch_request
    rv = self.dispatch_request()
  File "D:\VIT - PROJECT\Real-Time-Face-Attendence-System\.venv\Lib\site-packages\flask\app.py", line 902, in dispatch_request
    return self.ensure_sync(self.view_functions[rule.endpoint])(**view_args)  # type: ignore[no-any-return]
           ~~~~~~~~~~~~~~~~~~~~~~~~~~~~~~~~~~~~~~~~~~~~~~~~~~~~^^^^^^^^^^^^^
  File "D:\VIT - PROJECT\Real-Time-Face-Attendence-System\app\__init__.py", line 332, in index
    return render_template('index.html', stats=stats)
  File "D:\VIT - PROJECT\Real-Time-Face-Attendence-System\.venv\Lib\site-packages\flask\templating.py", line 150, in render_template
    template = app.jinja_env.get_or_select_template(template_name_or_list)
  File "D:\VIT - PROJECT\Real-Time-Face-Attendence-System\.venv\Lib\site-packages\jinja2\environment.py", line 1087, in get_or_select_template
    return self.get_template(template_name_or_list, parent, globals)
           ~~~~~~~~~~~~~~~~~^^^^^^^^^^^^^^^^^^^^^^^^^^^^^^^^^^^^^^^^
  File "D:\VIT - PROJECT\Real-Time-Face-Attendence-System\.venv\Lib\site-packages\jinja2\environment.py", line 1016, in get_template
    return self._load_template(name, globals)
           ~~~~~~~~~~~~~~~~~~~^^^^^^^^^^^^^^^
  File "D:\VIT - PROJECT\Real-Time-Face-Attendence-System\.venv\Lib\site-packages\jinja2\environment.py", line 975, in _load_template
    template = self.loader.load(self, name, self.make_globals(globals))
  File "D:\VIT - PROJECT\Real-Time-Face-Attendence-System\.venv\Lib\site-packages\jinja2\loaders.py", line 126, in load
    source, filename, uptodate = self.get_source(environment, name)
                                 ~~~~~~~~~~~~~~~^^^^^^^^^^^^^^^^^^^
  File "D:\VIT - PROJECT\Real-Time-Face-Attendence-System\.venv\Lib\site-packages\flask\templating.py", line 66, in get_source
    return self._get_source_fast(environment, template)
           ~~~~~~~~~~~~~~~~~~~~~^^^^^^^^^^^^^^^^^^^^^^^
  File "D:\VIT - PROJECT\Real-Time-Face-Attendence-System\.venv\Lib\site-packages\flask\templating.py", line 100, in _get_source_fast
    raise TemplateNotFound(template)
jinja2.exceptions.TemplateNotFound: index.html

During handling of the above exception, another exception occurred:

Traceback (most recent call last):
  File "D:\VIT - PROJECT\Real-Time-Face-Attendence-System\.venv\Lib\site-packages\werkzeug\serving.py", line 370, in run_wsgi
    execute(self.server.app)
    ~~~~~~~^^^^^^^^^^^^^^^^^
  File "D:\VIT - PROJECT\Real-Time-Face-Attendence-System\.venv\Lib\site-packages\werkzeug\serving.py", line 331, in execute
    application_iter = app(environ, start_response)
  File "D:\VIT - PROJECT\Real-Time-Face-Attendence-System\.venv\Lib\site-packages\flask\app.py", line 1536, in __call__
    return self.wsgi_app(environ, start_response)
           ~~~~~~~~~~~~~^^^^^^^^^^^^^^^^^^^^^^^^^
  File "D:\VIT - PROJECT\Real-Time-Face-Attendence-System\.venv\Lib\site-packages\flask\app.py", line 1514, in wsgi_app
    response = self.handle_exception(e)
  File "D:\VIT - PROJECT\Real-Time-Face-Attendence-System\.venv\Lib\site-packages\flask\app.py", line 860, in handle_exception
    server_error = self.ensure_sync(handler)(server_error)
  File "D:\VIT - PROJECT\Real-Time-Face-Attendence-System\app\__init__.py", line 590, in server_error
    return render_template('error.html', error='Internal server error'), 500
           ~~~~~~~~~~~~~~~^^^^^^^^^^^^^^^^^^^^^^^^^^^^^^^^^^^^^^^^^^^^^
  File "D:\VIT - PROJECT\Real-Time-Face-Attendence-System\.venv\Lib\site-packages\flask\templating.py", line 150, in render_template
    template = app.jinja_env.get_or_select_template(template_name_or_list)
  File "D:\VIT - PROJECT\Real-Time-Face-Attendence-System\.venv\Lib\site-packages\jinja2\environment.py", line 1087, in get_or_select_template
    return self.get_template(template_name_or_list, parent, globals)
           ~~~~~~~~~~~~~~~~~^^^^^^^^^^^^^^^^^^^^^^^^^^^^^^^^^^^^^^^^
  File "D:\VIT - PROJECT\Real-Time-Face-Attendence-System\.venv\Lib\site-packages\jinja2\environment.py", line 1016, in get_template
    return self._load_template(name, globals)
           ~~~~~~~~~~~~~~~~~~~^^^^^^^^^^^^^^^
  File "D:\VIT - PROJECT\Real-Time-Face-Attendence-System\.venv\Lib\site-packages\jinja2\environment.py", line 975, in _load_template
    template = self.loader.load(self, name, self.make_globals(globals))
  File "D:\VIT - PROJECT\Real-Time-Face-Attendence-System\.venv\Lib\site-packages\jinja2\loaders.py", line 126, in load
    source, filename, uptodate = self.get_source(environment, name)
                                 ~~~~~~~~~~~~~~~^^^^^^^^^^^^^^^^^^^
  File "D:\VIT - PROJECT\Real-Time-Face-Attendence-System\.venv\Lib\site-packages\flask\templating.py", line 66, in get_source
    return self._get_source_fast(environment, template)
           ~~~~~~~~~~~~~~~~~~~~~^^^^^^^^^^^^^^^^^^^^^^^
  File "D:\VIT - PROJECT\Real-Time-Face-Attendence-System\.venv\Lib\site-packages\flask\templating.py", line 100, in _get_source_fast
    raise TemplateNotFound(template)
jinja2.exceptions.TemplateNotFound: error.html
2026-02-22 17:29:19 - app - ERROR - Exception on /favicon.ico [GET]
Traceback (most recent call last):
  File "D:\VIT - PROJECT\Real-Time-Face-Attendence-System\.venv\Lib\site-packages\flask\app.py", line 917, in full_dispatch_request
    rv = self.dispatch_request()
  File "D:\VIT - PROJECT\Real-Time-Face-Attendence-System\.venv\Lib\site-packages\flask\app.py", line 891, in dispatch_request
    self.raise_routing_exception(req)
    ~~~~~~~~~~~~~~~~~~~~~~~~~~~~^^^^^
  File "D:\VIT - PROJECT\Real-Time-Face-Attendence-System\.venv\Lib\site-packages\flask\app.py", line 500, in raise_routing_exception
    raise request.routing_exception  # type: ignore[misc]
    ^^^^^^^^^^^^^^^^^^^^^^^^^^^^^^^
  File "D:\VIT - PROJECT\Real-Time-Face-Attendence-System\.venv\Lib\site-packages\flask\ctx.py", line 362, in match_request
    result = self.url_adapter.match(return_rule=True)  # type: ignore
  File "D:\VIT - PROJECT\Real-Time-Face-Attendence-System\.venv\Lib\site-packages\werkzeug\routing\map.py", line 629, in match
    raise NotFound() from None
werkzeug.exceptions.NotFound: 404 Not Found: The requested URL was not found on the server. If you entered the URL manually please check your spelling and try again.

During handling of the above exception, another exception occurred:

Traceback (most recent call last):
  File "D:\VIT - PROJECT\Real-Time-Face-Attendence-System\.venv\Lib\site-packages\flask\app.py", line 1511, in wsgi_app
    response = self.full_dispatch_request()
  File "D:\VIT - PROJECT\Real-Time-Face-Attendence-System\.venv\Lib\site-packages\flask\app.py", line 919, in full_dispatch_request
    rv = self.handle_user_exception(e)
  File "D:\VIT - PROJECT\Real-Time-Face-Attendence-System\.venv\Lib\site-packages\flask\app.py", line 802, in handle_user_exception
    return self.handle_http_exception(e)
           ~~~~~~~~~~~~~~~~~~~~~~~~~~^^^
  File "D:\VIT - PROJECT\Real-Time-Face-Attendence-System\.venv\Lib\site-packages\flask\app.py", line 777, in handle_http_exception
    return self.ensure_sync(handler)(e)  # type: ignore[no-any-return]
           ~~~~~~~~~~~~~~~~~~~~~~~~~^^^
  File "D:\VIT - PROJECT\Real-Time-Face-Attendence-System\app\__init__.py", line 583, in not_found
    return render_template('error.html', error='Page not found'), 404
           ~~~~~~~~~~~~~~~^^^^^^^^^^^^^^^^^^^^^^^^^^^^^^^^^^^^^^
  File "D:\VIT - PROJECT\Real-Time-Face-Attendence-System\.venv\Lib\site-packages\flask\templating.py", line 150, in render_template
    template = app.jinja_env.get_or_select_template(template_name_or_list)
  File "D:\VIT - PROJECT\Real-Time-Face-Attendence-System\.venv\Lib\site-packages\jinja2\environment.py", line 1087, in get_or_select_template
    return self.get_template(template_name_or_list, parent, globals)
           ~~~~~~~~~~~~~~~~~^^^^^^^^^^^^^^^^^^^^^^^^^^^^^^^^^^^^^^^^
  File "D:\VIT - PROJECT\Real-Time-Face-Attendence-System\.venv\Lib\site-packages\jinja2\environment.py", line 1016, in get_template
    return self._load_template(name, globals)
           ~~~~~~~~~~~~~~~~~~~^^^^^^^^^^^^^^^
  File "D:\VIT - PROJECT\Real-Time-Face-Attendence-System\.venv\Lib\site-packages\jinja2\environment.py", line 975, in _load_template
    template = self.loader.load(self, name, self.make_globals(globals))
  File "D:\VIT - PROJECT\Real-Time-Face-Attendence-System\.venv\Lib\site-packages\jinja2\loaders.py", line 126, in load
    source, filename, uptodate = self.get_source(environment, name)
                                 ~~~~~~~~~~~~~~~^^^^^^^^^^^^^^^^^^^
  File "D:\VIT - PROJECT\Real-Time-Face-Attendence-System\.venv\Lib\site-packages\flask\templating.py", line 66, in get_source
    return self._get_source_fast(environment, template)
           ~~~~~~~~~~~~~~~~~~~~~^^^^^^^^^^^^^^^^^^^^^^^
  File "D:\VIT - PROJECT\Real-Time-Face-Attendence-System\.venv\Lib\site-packages\flask\templating.py", line 100, in _get_source_fast
    raise TemplateNotFound(template)
jinja2.exceptions.TemplateNotFound: error.html
2026-02-22 17:29:19 - app - ERROR - Server error: 500 Internal Server Error: The server encountered an internal error and was unable to complete your request. Either the server is overloaded or there is an error in the application.
2026-02-22 17:29:19 - werkzeug - INFO - 127.0.0.1 - - [22/Feb/2026 17:29:19] "[35m[1mGET /favicon.ico HTTP/1.1[0m" 500 -
2026-02-22 17:29:19 - werkzeug - ERROR - Error on request:
Traceback (most recent call last):
  File "D:\VIT - PROJECT\Real-Time-Face-Attendence-System\.venv\Lib\site-packages\flask\app.py", line 917, in full_dispatch_request
    rv = self.dispatch_request()
  File "D:\VIT - PROJECT\Real-Time-Face-Attendence-System\.venv\Lib\site-packages\flask\app.py", line 891, in dispatch_request
    self.raise_routing_exception(req)
    ~~~~~~~~~~~~~~~~~~~~~~~~~~~~^^^^^
  File "D:\VIT - PROJECT\Real-Time-Face-Attendence-System\.venv\Lib\site-packages\flask\app.py", line 500, in raise_routing_exception
    raise request.routing_exception  # type: ignore[misc]
    ^^^^^^^^^^^^^^^^^^^^^^^^^^^^^^^
  File "D:\VIT - PROJECT\Real-Time-Face-Attendence-System\.venv\Lib\site-packages\flask\ctx.py", line 362, in match_request
    result = self.url_adapter.match(return_rule=True)  # type: ignore
  File "D:\VIT - PROJECT\Real-Time-Face-Attendence-System\.venv\Lib\site-packages\werkzeug\routing\map.py", line 629, in match
    raise NotFound() from None
werkzeug.exceptions.NotFound: 404 Not Found: The requested URL was not found on the server. If you entered the URL manually please check your spelling and try again.

During handling of the above exception, another exception occurred:

Traceback (most recent call last):
  File "D:\VIT - PROJECT\Real-Time-Face-Attendence-System\.venv\Lib\site-packages\flask\app.py", line 1511, in wsgi_app
    response = self.full_dispatch_request()
  File "D:\VIT - PROJECT\Real-Time-Face-Attendence-System\.venv\Lib\site-packages\flask\app.py", line 919, in full_dispatch_request
    rv = self.handle_user_exception(e)
  File "D:\VIT - PROJECT\Real-Time-Face-Attendence-System\.venv\Lib\site-packages\flask\app.py", line 802, in handle_user_exception
    return self.handle_http_exception(e)
           ~~~~~~~~~~~~~~~~~~~~~~~~~~^^^
  File "D:\VIT - PROJECT\Real-Time-Face-Attendence-System\.venv\Lib\site-packages\flask\app.py", line 777, in handle_http_exception
    return self.ensure_sync(handler)(e)  # type: ignore[no-any-return]
           ~~~~~~~~~~~~~~~~~~~~~~~~~^^^
  File "D:\VIT - PROJECT\Real-Time-Face-Attendence-System\app\__init__.py", line 583, in not_found
    return render_template('error.html', error='Page not found'), 404
           ~~~~~~~~~~~~~~~^^^^^^^^^^^^^^^^^^^^^^^^^^^^^^^^^^^^^^
  File "D:\VIT - PROJECT\Real-Time-Face-Attendence-System\.venv\Lib\site-packages\flask\templating.py", line 150, in render_template
    template = app.jinja_env.get_or_select_template(template_name_or_list)
  File "D:\VIT - PROJECT\Real-Time-Face-Attendence-System\.venv\Lib\site-packages\jinja2\environment.py", line 1087, in get_or_select_template
    return self.get_template(template_name_or_list, parent, globals)
           ~~~~~~~~~~~~~~~~~^^^^^^^^^^^^^^^^^^^^^^^^^^^^^^^^^^^^^^^^
  File "D:\VIT - PROJECT\Real-Time-Face-Attendence-System\.venv\Lib\site-packages\jinja2\environment.py", line 1016, in get_template
    return self._load_template(name, globals)
           ~~~~~~~~~~~~~~~~~~~^^^^^^^^^^^^^^^
  File "D:\VIT - PROJECT\Real-Time-Face-Attendence-System\.venv\Lib\site-packages\jinja2\environment.py", line 975, in _load_template
    template = self.loader.load(self, name, self.make_globals(globals))
  File "D:\VIT - PROJECT\Real-Time-Face-Attendence-System\.venv\Lib\site-packages\jinja2\loaders.py", line 126, in load
    source, filename, uptodate = self.get_source(environment, name)
                                 ~~~~~~~~~~~~~~~^^^^^^^^^^^^^^^^^^^
  File "D:\VIT - PROJECT\Real-Time-Face-Attendence-System\.venv\Lib\site-packages\flask\templating.py", line 66, in get_source
    return self._get_source_fast(environment, template)
           ~~~~~~~~~~~~~~~~~~~~~^^^^^^^^^^^^^^^^^^^^^^^
  File "D:\VIT - PROJECT\Real-Time-Face-Attendence-System\.venv\Lib\site-packages\flask\templating.py", line 100, in _get_source_fast
    raise TemplateNotFound(template)
jinja2.exceptions.TemplateNotFound: error.html

During handling of the above exception, another exception occurred:

Traceback (most recent call last):
  File "D:\VIT - PROJECT\Real-Time-Face-Attendence-System\.venv\Lib\site-packages\werkzeug\serving.py", line 370, in run_wsgi
    execute(self.server.app)
    ~~~~~~~^^^^^^^^^^^^^^^^^
  File "D:\VIT - PROJECT\Real-Time-Face-Attendence-System\.venv\Lib\site-packages\werkzeug\serving.py", line 331, in execute
    application_iter = app(environ, start_response)
  File "D:\VIT - PROJECT\Real-Time-Face-Attendence-System\.venv\Lib\site-packages\flask\app.py", line 1536, in __call__
    return self.wsgi_app(environ, start_response)
           ~~~~~~~~~~~~~^^^^^^^^^^^^^^^^^^^^^^^^^
  File "D:\VIT - PROJECT\Real-Time-Face-Attendence-System\.venv\Lib\site-packages\flask\app.py", line 1514, in wsgi_app
    response = self.handle_exception(e)
  File "D:\VIT - PROJECT\Real-Time-Face-Attendence-System\.venv\Lib\site-packages\flask\app.py", line 860, in handle_exception
    server_error = self.ensure_sync(handler)(server_error)
  File "D:\VIT - PROJECT\Real-Time-Face-Attendence-System\app\__init__.py", line 590, in server_error
    return render_template('error.html', error='Internal server error'), 500
           ~~~~~~~~~~~~~~~^^^^^^^^^^^^^^^^^^^^^^^^^^^^^^^^^^^^^^^^^^^^^
  File "D:\VIT - PROJECT\Real-Time-Face-Attendence-System\.venv\Lib\site-packages\flask\templating.py", line 150, in render_template
    template = app.jinja_env.get_or_select_template(template_name_or_list)
  File "D:\VIT - PROJECT\Real-Time-Face-Attendence-System\.venv\Lib\site-packages\jinja2\environment.py", line 1087, in get_or_select_template
    return self.get_template(template_name_or_list, parent, globals)
           ~~~~~~~~~~~~~~~~~^^^^^^^^^^^^^^^^^^^^^^^^^^^^^^^^^^^^^^^^
  File "D:\VIT - PROJECT\Real-Time-Face-Attendence-System\.venv\Lib\site-packages\jinja2\environment.py", line 1016, in get_template
    return self._load_template(name, globals)
           ~~~~~~~~~~~~~~~~~~~^^^^^^^^^^^^^^^
  File "D:\VIT - PROJECT\Real-Time-Face-Attendence-System\.venv\Lib\site-packages\jinja2\environment.py", line 975, in _load_template
    template = self.loader.load(self, name, self.make_globals(globals))
  File "D:\VIT - PROJECT\Real-Time-Face-Attendence-System\.venv\Lib\site-packages\jinja2\loaders.py", line 126, in load
    source, filename, uptodate = self.get_source(environment, name)
                                 ~~~~~~~~~~~~~~~^^^^^^^^^^^^^^^^^^^
  File "D:\VIT - PROJECT\Real-Time-Face-Attendence-System\.venv\Lib\site-packages\flask\templating.py", line 66, in get_source
    return self._get_source_fast(environment, template)
           ~~~~~~~~~~~~~~~~~~~~~^^^^^^^^^^^^^^^^^^^^^^^
  File "D:\VIT - PROJECT\Real-Time-Face-Attendence-System\.venv\Lib\site-packages\flask\templating.py", line 100, in _get_source_fast
    raise TemplateNotFound(template)
jinja2.exceptions.TemplateNotFound: error.html
2026-02-22 17:39:54 - app - INFO - System cleanup complete
2026-02-22 17:43:36 - app - INFO - System cleanup complete
2026-02-22 17:44:29 - app - INFO - System cleanup complete
2026-02-22 17:46:42 - app - INFO - System cleanup complete
2026-02-22 17:47:51 - app - INFO - Initializing system components...
2026-02-22 17:47:51 - app.database - INFO - Database schema initialized
2026-02-22 17:47:51 - app.database - INFO - DatabaseManager initialized with D:\VIT - PROJECT\Real-Time-Face-Attendence-System\attendance.db
2026-02-22 17:47:51 - app.database - INFO - DatabaseService initialized
2026-02-22 17:47:51 - app - ERROR - Error initializing system: module 'mediapipe' has no attribute 'solutions'
2026-02-22 17:47:51 - werkzeug - INFO - [31m[1mWARNING: This is a development server. Do not use it in a production deployment. Use a production WSGI server instead.[0m
 * Running on all addresses (0.0.0.0)
 * Running on http://127.0.0.1:5000
 * Running on http://172.20.200.41:5000
2026-02-22 17:47:51 - werkzeug - INFO - [33mPress CTRL+C to quit[0m
2026-02-22 17:56:57 - app - INFO - Initializing system components...
2026-02-22 17:56:57 - app.database - INFO - Database schema initialized
2026-02-22 17:56:57 - app.database - INFO - DatabaseManager initialized with D:\VIT - PROJECT\Real-Time-Face-Attendence-System\attendance.db
2026-02-22 17:56:57 - app.database - INFO - DatabaseService initialized
2026-02-22 17:56:57 - app.detection - INFO - Using OpenCV Haar Cascade for face detection
2026-02-22 17:56:57 - app.detection - INFO - FaceDetector initialized with confidence=0.5, model_selection=1, max_faces=20
2026-02-22 17:56:57 - app.recognition - INFO - FaceEncoder initialized with model=VGG-Face
2026-02-22 17:56:57 - app.recognition - INFO - FaceEncoder initialized with model=VGG-Face
2026-02-22 17:56:57 - app.recognition - INFO - DatasetEncoder initialized with dataset=D:\VIT - PROJECT\Real-Time-Face-Attendence-System\dataset
2026-02-22 17:56:57 - app.recognition - INFO - Loaded encodings for 2 students
2026-02-22 17:56:57 - app.recognition - INFO - FaceRecognizer initialized with 40 known faces
2026-02-22 17:56:57 - app.engagement - INFO - Using OpenCV fallback for engagement (limited features)
2026-02-22 17:56:57 - app.engagement - INFO - FaceMeshAnalyzer initialized for 20 faces
2026-02-22 17:56:57 - app.engagement - INFO - EngagementTracker initialized
2026-02-22 17:56:57 - app.engagement - INFO - Using OpenCV fallback for engagement (limited features)
2026-02-22 17:56:57 - app.engagement - INFO - FaceMeshAnalyzer initialized for 20 faces
2026-02-22 17:56:57 - app.engagement - INFO - EngagementTracker initialized
2026-02-22 17:56:57 - app - INFO - System components initialized successfully
2026-02-22 17:56:57 - werkzeug - INFO - [31m[1mWARNING: This is a development server. Do not use it in a production deployment. Use a production WSGI server instead.[0m
 * Running on all addresses (0.0.0.0)
 * Running on http://127.0.0.1:5000
 * Running on http://172.20.200.41:5000
2026-02-22 17:56:57 - werkzeug - INFO - [33mPress CTRL+C to quit[0m
2026-02-22 17:57:53 - app - INFO - System cleanup complete
2026-02-22 17:58:25 - app - INFO - Initializing system components...
2026-02-22 17:58:25 - app.database - INFO - Database schema initialized
2026-02-22 17:58:25 - app.database - INFO - DatabaseManager initialized with D:\VIT - PROJECT\Real-Time-Face-Attendence-System\attendance.db
2026-02-22 17:58:25 - app.database - INFO - DatabaseService initialized
2026-02-22 17:58:25 - app.detection - INFO - Using OpenCV Haar Cascade for face detection
2026-02-22 17:58:25 - app.detection - INFO - FaceDetector initialized with confidence=0.5, model_selection=1, max_faces=20
2026-02-22 17:58:25 - app.recognition - INFO - FaceEncoder initialized with model=VGG-Face
2026-02-22 17:58:25 - app.recognition - INFO - FaceEncoder initialized with model=VGG-Face
2026-02-22 17:58:25 - app.recognition - INFO - DatasetEncoder initialized with dataset=D:\VIT - PROJECT\Real-Time-Face-Attendence-System\dataset
2026-02-22 17:58:25 - app.recognition - INFO - Loaded encodings for 2 students
2026-02-22 17:58:25 - app.recognition - INFO - FaceRecognizer initialized with 40 known faces
2026-02-22 17:58:25 - app.engagement - INFO - Using OpenCV fallback for engagement (limited features)
2026-02-22 17:58:25 - app.engagement - INFO - FaceMeshAnalyzer initialized for 20 faces
2026-02-22 17:58:25 - app.engagement - INFO - EngagementTracker initialized
2026-02-22 17:58:25 - app.engagement - INFO - Using OpenCV fallback for engagement (limited features)
2026-02-22 17:58:25 - app.engagement - INFO - FaceMeshAnalyzer initialized for 20 faces
2026-02-22 17:58:25 - app.engagement - INFO - EngagementTracker initialized
2026-02-22 17:58:25 - app - INFO - System components initialized successfully
2026-02-22 17:58:25 - werkzeug - INFO - [31m[1mWARNING: This is a development server. Do not use it in a production deployment. Use a production WSGI server instead.[0m
 * Running on all addresses (0.0.0.0)
 * Running on http://127.0.0.1:5000
 * Running on http://172.20.200.41:5000
2026-02-22 17:58:25 - werkzeug - INFO - [33mPress CTRL+C to quit[0m
2026-02-22 17:59:16 - app - INFO - Initializing system components...
2026-02-22 17:59:16 - app.database - INFO - Database schema initialized
2026-02-22 17:59:16 - app.database - INFO - DatabaseManager initialized with D:\VIT - PROJECT\Real-Time-Face-Attendence-System\attendance.db
2026-02-22 17:59:16 - app.database - INFO - DatabaseService initialized
2026-02-22 17:59:16 - app.detection - INFO - Using OpenCV Haar Cascade for face detection
2026-02-22 17:59:16 - app.detection - INFO - FaceDetector initialized with confidence=0.5, model_selection=1, max_faces=20
2026-02-22 17:59:16 - app.recognition - INFO - FaceEncoder initialized with model=VGG-Face
2026-02-22 17:59:16 - app.recognition - INFO - FaceEncoder initialized with model=VGG-Face
2026-02-22 17:59:16 - app.recognition - INFO - DatasetEncoder initialized with dataset=D:\VIT - PROJECT\Real-Time-Face-Attendence-System\dataset
2026-02-22 17:59:16 - app.recognition - INFO - Loaded encodings for 2 students
2026-02-22 17:59:16 - app.recognition - INFO - FaceRecognizer initialized with 40 known faces
2026-02-22 17:59:16 - app.engagement - INFO - Using OpenCV fallback for engagement (limited features)
2026-02-22 17:59:16 - app.engagement - INFO - FaceMeshAnalyzer initialized for 20 faces
2026-02-22 17:59:16 - app.engagement - INFO - EngagementTracker initialized
2026-02-22 17:59:16 - app.engagement - INFO - Using OpenCV fallback for engagement (limited features)
2026-02-22 17:59:16 - app.engagement - INFO - FaceMeshAnalyzer initialized for 20 faces
2026-02-22 17:59:16 - app.engagement - INFO - EngagementTracker initialized
2026-02-22 17:59:16 - app - INFO - System components initialized successfully
2026-02-22 17:59:16 - werkzeug - INFO - [31m[1mWARNING: This is a development server. Do not use it in a production deployment. Use a production WSGI server instead.[0m
 * Running on all addresses (0.0.0.0)
 * Running on http://127.0.0.1:5000
 * Running on http://172.20.200.41:5000
2026-02-22 17:59:16 - werkzeug - INFO - [33mPress CTRL+C to quit[0m
2026-02-22 18:01:34 - app - INFO - Initializing system components...
2026-02-22 18:01:34 - app.database - INFO - Database schema initialized
2026-02-22 18:01:34 - app.database - INFO - DatabaseManager initialized with D:\VIT - PROJECT\Real-Time-Face-Attendence-System\attendance.db
2026-02-22 18:01:34 - app.database - INFO - DatabaseService initialized
2026-02-22 18:01:34 - app.detection - INFO - Using OpenCV Haar Cascade for face detection
2026-02-22 18:01:34 - app.detection - INFO - FaceDetector initialized with confidence=0.5, model_selection=1, max_faces=20
2026-02-22 18:01:34 - app.recognition - INFO - FaceEncoder initialized with model=VGG-Face
2026-02-22 18:01:34 - app.recognition - INFO - FaceEncoder initialized with model=VGG-Face
2026-02-22 18:01:34 - app.recognition - INFO - DatasetEncoder initialized with dataset=D:\VIT - PROJECT\Real-Time-Face-Attendence-System\dataset
2026-02-22 18:01:34 - app.recognition - INFO - Loaded encodings for 2 students
2026-02-22 18:01:34 - app.recognition - INFO - FaceRecognizer initialized with 40 known faces
2026-02-22 18:01:34 - app.engagement - INFO - Using OpenCV fallback for engagement (limited features)
2026-02-22 18:01:34 - app.engagement - INFO - FaceMeshAnalyzer initialized for 20 faces
2026-02-22 18:01:34 - app.engagement - INFO - EngagementTracker initialized
2026-02-22 18:01:34 - app.engagement - INFO - Using OpenCV fallback for engagement (limited features)
2026-02-22 18:01:34 - app.engagement - INFO - FaceMeshAnalyzer initialized for 20 faces
2026-02-22 18:01:34 - app.engagement - INFO - EngagementTracker initialized
2026-02-22 18:01:34 - app - INFO - System components initialized successfully
2026-02-22 18:01:34 - werkzeug - INFO - [31m[1mWARNING: This is a development server. Do not use it in a production deployment. Use a production WSGI server instead.[0m
 * Running on all addresses (0.0.0.0)
 * Running on http://127.0.0.1:5000
 * Running on http://172.20.200.41:5000
2026-02-22 18:01:34 - werkzeug - INFO - [33mPress CTRL+C to quit[0m
2026-02-22 18:01:39 - app - ERROR - Exception on / [GET]
Traceback (most recent call last):
  File "D:\VIT - PROJECT\Real-Time-Face-Attendence-System\.venv\Lib\site-packages\flask\app.py", line 1511, in wsgi_app
    response = self.full_dispatch_request()
  File "D:\VIT - PROJECT\Real-Time-Face-Attendence-System\.venv\Lib\site-packages\flask\app.py", line 919, in full_dispatch_request
    rv = self.handle_user_exception(e)
  File "D:\VIT - PROJECT\Real-Time-Face-Attendence-System\.venv\Lib\site-packages\flask\app.py", line 917, in full_dispatch_request
    rv = self.dispatch_request()
  File "D:\VIT - PROJECT\Real-Time-Face-Attendence-System\.venv\Lib\site-packages\flask\app.py", line 902, in dispatch_request
    return self.ensure_sync(self.view_functions[rule.endpoint])(**view_args)  # type: ignore[no-any-return]
           ~~~~~~~~~~~~~~~~~~~~~~~~~~~~~~~~~~~~~~~~~~~~~~~~~~~~^^^^^^^^^^^^^
  File "D:\VIT - PROJECT\Real-Time-Face-Attendence-System\app\__init__.py", line 332, in index
    return render_template('index.html', stats=stats)
  File "D:\VIT - PROJECT\Real-Time-Face-Attendence-System\.venv\Lib\site-packages\flask\templating.py", line 150, in render_template
    template = app.jinja_env.get_or_select_template(template_name_or_list)
  File "D:\VIT - PROJECT\Real-Time-Face-Attendence-System\.venv\Lib\site-packages\jinja2\environment.py", line 1087, in get_or_select_template
    return self.get_template(template_name_or_list, parent, globals)
           ~~~~~~~~~~~~~~~~~^^^^^^^^^^^^^^^^^^^^^^^^^^^^^^^^^^^^^^^^
  File "D:\VIT - PROJECT\Real-Time-Face-Attendence-System\.venv\Lib\site-packages\jinja2\environment.py", line 1016, in get_template
    return self._load_template(name, globals)
           ~~~~~~~~~~~~~~~~~~~^^^^^^^^^^^^^^^
  File "D:\VIT - PROJECT\Real-Time-Face-Attendence-System\.venv\Lib\site-packages\jinja2\environment.py", line 975, in _load_template
    template = self.loader.load(self, name, self.make_globals(globals))
  File "D:\VIT - PROJECT\Real-Time-Face-Attendence-System\.venv\Lib\site-packages\jinja2\loaders.py", line 126, in load
    source, filename, uptodate = self.get_source(environment, name)
                                 ~~~~~~~~~~~~~~~^^^^^^^^^^^^^^^^^^^
  File "D:\VIT - PROJECT\Real-Time-Face-Attendence-System\.venv\Lib\site-packages\flask\templating.py", line 66, in get_source
    return self._get_source_fast(environment, template)
           ~~~~~~~~~~~~~~~~~~~~~^^^^^^^^^^^^^^^^^^^^^^^
  File "D:\VIT - PROJECT\Real-Time-Face-Attendence-System\.venv\Lib\site-packages\flask\templating.py", line 100, in _get_source_fast
    raise TemplateNotFound(template)
jinja2.exceptions.TemplateNotFound: index.html
2026-02-22 18:01:39 - app - ERROR - Server error: 500 Internal Server Error: The server encountered an internal error and was unable to complete your request. Either the server is overloaded or there is an error in the application.
2026-02-22 18:01:39 - werkzeug - INFO - 127.0.0.1 - - [22/Feb/2026 18:01:39] "[35m[1mGET / HTTP/1.1[0m" 500 -
2026-02-22 18:01:39 - werkzeug - ERROR - Error on request:
Traceback (most recent call last):
  File "D:\VIT - PROJECT\Real-Time-Face-Attendence-System\.venv\Lib\site-packages\flask\app.py", line 1511, in wsgi_app
    response = self.full_dispatch_request()
  File "D:\VIT - PROJECT\Real-Time-Face-Attendence-System\.venv\Lib\site-packages\flask\app.py", line 919, in full_dispatch_request
    rv = self.handle_user_exception(e)
  File "D:\VIT - PROJECT\Real-Time-Face-Attendence-System\.venv\Lib\site-packages\flask\app.py", line 917, in full_dispatch_request
    rv = self.dispatch_request()
  File "D:\VIT - PROJECT\Real-Time-Face-Attendence-System\.venv\Lib\site-packages\flask\app.py", line 902, in dispatch_request
    return self.ensure_sync(self.view_functions[rule.endpoint])(**view_args)  # type: ignore[no-any-return]
           ~~~~~~~~~~~~~~~~~~~~~~~~~~~~~~~~~~~~~~~~~~~~~~~~~~~~^^^^^^^^^^^^^
  File "D:\VIT - PROJECT\Real-Time-Face-Attendence-System\app\__init__.py", line 332, in index
    return render_template('index.html', stats=stats)
  File "D:\VIT - PROJECT\Real-Time-Face-Attendence-System\.venv\Lib\site-packages\flask\templating.py", line 150, in render_template
    template = app.jinja_env.get_or_select_template(template_name_or_list)
  File "D:\VIT - PROJECT\Real-Time-Face-Attendence-System\.venv\Lib\site-packages\jinja2\environment.py", line 1087, in get_or_select_template
    return self.get_template(template_name_or_list, parent, globals)
           ~~~~~~~~~~~~~~~~~^^^^^^^^^^^^^^^^^^^^^^^^^^^^^^^^^^^^^^^^
  File "D:\VIT - PROJECT\Real-Time-Face-Attendence-System\.venv\Lib\site-packages\jinja2\environment.py", line 1016, in get_template
    return self._load_template(name, globals)
           ~~~~~~~~~~~~~~~~~~~^^^^^^^^^^^^^^^
  File "D:\VIT - PROJECT\Real-Time-Face-Attendence-System\.venv\Lib\site-packages\jinja2\environment.py", line 975, in _load_template
    template = self.loader.load(self, name, self.make_globals(globals))
  File "D:\VIT - PROJECT\Real-Time-Face-Attendence-System\.venv\Lib\site-packages\jinja2\loaders.py", line 126, in load
    source, filename, uptodate = self.get_source(environment, name)
                                 ~~~~~~~~~~~~~~~^^^^^^^^^^^^^^^^^^^
  File "D:\VIT - PROJECT\Real-Time-Face-Attendence-System\.venv\Lib\site-packages\flask\templating.py", line 66, in get_source
    return self._get_source_fast(environment, template)
           ~~~~~~~~~~~~~~~~~~~~~^^^^^^^^^^^^^^^^^^^^^^^
  File "D:\VIT - PROJECT\Real-Time-Face-Attendence-System\.venv\Lib\site-packages\flask\templating.py", line 100, in _get_source_fast
    raise TemplateNotFound(template)
jinja2.exceptions.TemplateNotFound: index.html

During handling of the above exception, another exception occurred:

Traceback (most recent call last):
  File "D:\VIT - PROJECT\Real-Time-Face-Attendence-System\.venv\Lib\site-packages\werkzeug\serving.py", line 370, in run_wsgi
    execute(self.server.app)
    ~~~~~~~^^^^^^^^^^^^^^^^^
  File "D:\VIT - PROJECT\Real-Time-Face-Attendence-System\.venv\Lib\site-packages\werkzeug\serving.py", line 331, in execute
    application_iter = app(environ, start_response)
  File "D:\VIT - PROJECT\Real-Time-Face-Attendence-System\.venv\Lib\site-packages\flask\app.py", line 1536, in __call__
    return self.wsgi_app(environ, start_response)
           ~~~~~~~~~~~~~^^^^^^^^^^^^^^^^^^^^^^^^^
  File "D:\VIT - PROJECT\Real-Time-Face-Attendence-System\.venv\Lib\site-packages\flask\app.py", line 1514, in wsgi_app
    response = self.handle_exception(e)
  File "D:\VIT - PROJECT\Real-Time-Face-Attendence-System\.venv\Lib\site-packages\flask\app.py", line 860, in handle_exception
    server_error = self.ensure_sync(handler)(server_error)
  File "D:\VIT - PROJECT\Real-Time-Face-Attendence-System\app\__init__.py", line 590, in server_error
    return render_template('error.html', error='Internal server error'), 500
           ~~~~~~~~~~~~~~~^^^^^^^^^^^^^^^^^^^^^^^^^^^^^^^^^^^^^^^^^^^^^
  File "D:\VIT - PROJECT\Real-Time-Face-Attendence-System\.venv\Lib\site-packages\flask\templating.py", line 150, in render_template
    template = app.jinja_env.get_or_select_template(template_name_or_list)
  File "D:\VIT - PROJECT\Real-Time-Face-Attendence-System\.venv\Lib\site-packages\jinja2\environment.py", line 1087, in get_or_select_template
    return self.get_template(template_name_or_list, parent, globals)
           ~~~~~~~~~~~~~~~~~^^^^^^^^^^^^^^^^^^^^^^^^^^^^^^^^^^^^^^^^
  File "D:\VIT - PROJECT\Real-Time-Face-Attendence-System\.venv\Lib\site-packages\jinja2\environment.py", line 1016, in get_template
    return self._load_template(name, globals)
           ~~~~~~~~~~~~~~~~~~~^^^^^^^^^^^^^^^
  File "D:\VIT - PROJECT\Real-Time-Face-Attendence-System\.venv\Lib\site-packages\jinja2\environment.py", line 975, in _load_template
    template = self.loader.load(self, name, self.make_globals(globals))
  File "D:\VIT - PROJECT\Real-Time-Face-Attendence-System\.venv\Lib\site-packages\jinja2\loaders.py", line 126, in load
    source, filename, uptodate = self.get_source(environment, name)
                                 ~~~~~~~~~~~~~~~^^^^^^^^^^^^^^^^^^^
  File "D:\VIT - PROJECT\Real-Time-Face-Attendence-System\.venv\Lib\site-packages\flask\templating.py", line 66, in get_source
    return self._get_source_fast(environment, template)
           ~~~~~~~~~~~~~~~~~~~~~^^^^^^^^^^^^^^^^^^^^^^^
  File "D:\VIT - PROJECT\Real-Time-Face-Attendence-System\.venv\Lib\site-packages\flask\templating.py", line 100, in _get_source_fast
    raise TemplateNotFound(template)
jinja2.exceptions.TemplateNotFound: error.html
2026-02-22 18:01:40 - app - ERROR - Exception on /favicon.ico [GET]
Traceback (most recent call last):
  File "D:\VIT - PROJECT\Real-Time-Face-Attendence-System\.venv\Lib\site-packages\flask\app.py", line 917, in full_dispatch_request
    rv = self.dispatch_request()
  File "D:\VIT - PROJECT\Real-Time-Face-Attendence-System\.venv\Lib\site-packages\flask\app.py", line 891, in dispatch_request
    self.raise_routing_exception(req)
    ~~~~~~~~~~~~~~~~~~~~~~~~~~~~^^^^^
  File "D:\VIT - PROJECT\Real-Time-Face-Attendence-System\.venv\Lib\site-packages\flask\app.py", line 500, in raise_routing_exception
    raise request.routing_exception  # type: ignore[misc]
    ^^^^^^^^^^^^^^^^^^^^^^^^^^^^^^^
  File "D:\VIT - PROJECT\Real-Time-Face-Attendence-System\.venv\Lib\site-packages\flask\ctx.py", line 362, in match_request
    result = self.url_adapter.match(return_rule=True)  # type: ignore
  File "D:\VIT - PROJECT\Real-Time-Face-Attendence-System\.venv\Lib\site-packages\werkzeug\routing\map.py", line 629, in match
    raise NotFound() from None
werkzeug.exceptions.NotFound: 404 Not Found: The requested URL was not found on the server. If you entered the URL manually please check your spelling and try again.

During handling of the above exception, another exception occurred:

Traceback (most recent call last):
  File "D:\VIT - PROJECT\Real-Time-Face-Attendence-System\.venv\Lib\site-packages\flask\app.py", line 1511, in wsgi_app
    response = self.full_dispatch_request()
  File "D:\VIT - PROJECT\Real-Time-Face-Attendence-System\.venv\Lib\site-packages\flask\app.py", line 919, in full_dispatch_request
    rv = self.handle_user_exception(e)
  File "D:\VIT - PROJECT\Real-Time-Face-Attendence-System\.venv\Lib\site-packages\flask\app.py", line 802, in handle_user_exception
    return self.handle_http_exception(e)
           ~~~~~~~~~~~~~~~~~~~~~~~~~~^^^
  File "D:\VIT - PROJECT\Real-Time-Face-Attendence-System\.venv\Lib\site-packages\flask\app.py", line 777, in handle_http_exception
    return self.ensure_sync(handler)(e)  # type: ignore[no-any-return]
           ~~~~~~~~~~~~~~~~~~~~~~~~~^^^
  File "D:\VIT - PROJECT\Real-Time-Face-Attendence-System\app\__init__.py", line 583, in not_found
    return render_template('error.html', error='Page not found'), 404
           ~~~~~~~~~~~~~~~^^^^^^^^^^^^^^^^^^^^^^^^^^^^^^^^^^^^^^
  File "D:\VIT - PROJECT\Real-Time-Face-Attendence-System\.venv\Lib\site-packages\flask\templating.py", line 150, in render_template
    template = app.jinja_env.get_or_select_template(template_name_or_list)
  File "D:\VIT - PROJECT\Real-Time-Face-Attendence-System\.venv\Lib\site-packages\jinja2\environment.py", line 1087, in get_or_select_template
    return self.get_template(template_name_or_list, parent, globals)
           ~~~~~~~~~~~~~~~~~^^^^^^^^^^^^^^^^^^^^^^^^^^^^^^^^^^^^^^^^
  File "D:\VIT - PROJECT\Real-Time-Face-Attendence-System\.venv\Lib\site-packages\jinja2\environment.py", line 1016, in get_template
    return self._load_template(name, globals)
           ~~~~~~~~~~~~~~~~~~~^^^^^^^^^^^^^^^
  File "D:\VIT - PROJECT\Real-Time-Face-Attendence-System\.venv\Lib\site-packages\jinja2\environment.py", line 975, in _load_template
    template = self.loader.load(self, name, self.make_globals(globals))
  File "D:\VIT - PROJECT\Real-Time-Face-Attendence-System\.venv\Lib\site-packages\jinja2\loaders.py", line 126, in load
    source, filename, uptodate = self.get_source(environment, name)
                                 ~~~~~~~~~~~~~~~^^^^^^^^^^^^^^^^^^^
  File "D:\VIT - PROJECT\Real-Time-Face-Attendence-System\.venv\Lib\site-packages\flask\templating.py", line 66, in get_source
    return self._get_source_fast(environment, template)
           ~~~~~~~~~~~~~~~~~~~~~^^^^^^^^^^^^^^^^^^^^^^^
  File "D:\VIT - PROJECT\Real-Time-Face-Attendence-System\.venv\Lib\site-packages\flask\templating.py", line 100, in _get_source_fast
    raise TemplateNotFound(template)
jinja2.exceptions.TemplateNotFound: error.html
2026-02-22 18:01:40 - app - ERROR - Server error: 500 Internal Server Error: The server encountered an internal error and was unable to complete your request. Either the server is overloaded or there is an error in the application.
2026-02-22 18:01:40 - werkzeug - INFO - 127.0.0.1 - - [22/Feb/2026 18:01:40] "[35m[1mGET /favicon.ico HTTP/1.1[0m" 500 -
2026-02-22 18:01:40 - werkzeug - ERROR - Error on request:
Traceback (most recent call last):
  File "D:\VIT - PROJECT\Real-Time-Face-Attendence-System\.venv\Lib\site-packages\flask\app.py", line 917, in full_dispatch_request
    rv = self.dispatch_request()
  File "D:\VIT - PROJECT\Real-Time-Face-Attendence-System\.venv\Lib\site-packages\flask\app.py", line 891, in dispatch_request
    self.raise_routing_exception(req)
    ~~~~~~~~~~~~~~~~~~~~~~~~~~~~^^^^^
  File "D:\VIT - PROJECT\Real-Time-Face-Attendence-System\.venv\Lib\site-packages\flask\app.py", line 500, in raise_routing_exception
    raise request.routing_exception  # type: ignore[misc]
    ^^^^^^^^^^^^^^^^^^^^^^^^^^^^^^^
  File "D:\VIT - PROJECT\Real-Time-Face-Attendence-System\.venv\Lib\site-packages\flask\ctx.py", line 362, in match_request
    result = self.url_adapter.match(return_rule=True)  # type: ignore
  File "D:\VIT - PROJECT\Real-Time-Face-Attendence-System\.venv\Lib\site-packages\werkzeug\routing\map.py", line 629, in match
    raise NotFound() from None
werkzeug.exceptions.NotFound: 404 Not Found: The requested URL was not found on the server. If you entered the URL manually please check your spelling and try again.

During handling of the above exception, another exception occurred:

Traceback (most recent call last):
  File "D:\VIT - PROJECT\Real-Time-Face-Attendence-System\.venv\Lib\site-packages\flask\app.py", line 1511, in wsgi_app
    response = self.full_dispatch_request()
  File "D:\VIT - PROJECT\Real-Time-Face-Attendence-System\.venv\Lib\site-packages\flask\app.py", line 919, in full_dispatch_request
    rv = self.handle_user_exception(e)
  File "D:\VIT - PROJECT\Real-Time-Face-Attendence-System\.venv\Lib\site-packages\flask\app.py", line 802, in handle_user_exception
    return self.handle_http_exception(e)
           ~~~~~~~~~~~~~~~~~~~~~~~~~~^^^
  File "D:\VIT - PROJECT\Real-Time-Face-Attendence-System\.venv\Lib\site-packages\flask\app.py", line 777, in handle_http_exception
    return self.ensure_sync(handler)(e)  # type: ignore[no-any-return]
           ~~~~~~~~~~~~~~~~~~~~~~~~~^^^
  File "D:\VIT - PROJECT\Real-Time-Face-Attendence-System\app\__init__.py", line 583, in not_found
    return render_template('error.html', error='Page not found'), 404
           ~~~~~~~~~~~~~~~^^^^^^^^^^^^^^^^^^^^^^^^^^^^^^^^^^^^^^
  File "D:\VIT - PROJECT\Real-Time-Face-Attendence-System\.venv\Lib\site-packages\flask\templating.py", line 150, in render_template
    template = app.jinja_env.get_or_select_template(template_name_or_list)
  File "D:\VIT - PROJECT\Real-Time-Face-Attendence-System\.venv\Lib\site-packages\jinja2\environment.py", line 1087, in get_or_select_template
    return self.get_template(template_name_or_list, parent, globals)
           ~~~~~~~~~~~~~~~~~^^^^^^^^^^^^^^^^^^^^^^^^^^^^^^^^^^^^^^^^
  File "D:\VIT - PROJECT\Real-Time-Face-Attendence-System\.venv\Lib\site-packages\jinja2\environment.py", line 1016, in get_template
    return self._load_template(name, globals)
           ~~~~~~~~~~~~~~~~~~~^^^^^^^^^^^^^^^
  File "D:\VIT - PROJECT\Real-Time-Face-Attendence-System\.venv\Lib\site-packages\jinja2\environment.py", line 975, in _load_template
    template = self.loader.load(self, name, self.make_globals(globals))
  File "D:\VIT - PROJECT\Real-Time-Face-Attendence-System\.venv\Lib\site-packages\jinja2\loaders.py", line 126, in load
    source, filename, uptodate = self.get_source(environment, name)
                                 ~~~~~~~~~~~~~~~^^^^^^^^^^^^^^^^^^^
  File "D:\VIT - PROJECT\Real-Time-Face-Attendence-System\.venv\Lib\site-packages\flask\templating.py", line 66, in get_source
    return self._get_source_fast(environment, template)
           ~~~~~~~~~~~~~~~~~~~~~^^^^^^^^^^^^^^^^^^^^^^^
  File "D:\VIT - PROJECT\Real-Time-Face-Attendence-System\.venv\Lib\site-packages\flask\templating.py", line 100, in _get_source_fast
    raise TemplateNotFound(template)
jinja2.exceptions.TemplateNotFound: error.html

During handling of the above exception, another exception occurred:

Traceback (most recent call last):
  File "D:\VIT - PROJECT\Real-Time-Face-Attendence-System\.venv\Lib\site-packages\werkzeug\serving.py", line 370, in run_wsgi
    execute(self.server.app)
    ~~~~~~~^^^^^^^^^^^^^^^^^
  File "D:\VIT - PROJECT\Real-Time-Face-Attendence-System\.venv\Lib\site-packages\werkzeug\serving.py", line 331, in execute
    application_iter = app(environ, start_response)
  File "D:\VIT - PROJECT\Real-Time-Face-Attendence-System\.venv\Lib\site-packages\flask\app.py", line 1536, in __call__
    return self.wsgi_app(environ, start_response)
           ~~~~~~~~~~~~~^^^^^^^^^^^^^^^^^^^^^^^^^
  File "D:\VIT - PROJECT\Real-Time-Face-Attendence-System\.venv\Lib\site-packages\flask\app.py", line 1514, in wsgi_app
    response = self.handle_exception(e)
  File "D:\VIT - PROJECT\Real-Time-Face-Attendence-System\.venv\Lib\site-packages\flask\app.py", line 860, in handle_exception
    server_error = self.ensure_sync(handler)(server_error)
  File "D:\VIT - PROJECT\Real-Time-Face-Attendence-System\app\__init__.py", line 590, in server_error
    return render_template('error.html', error='Internal server error'), 500
           ~~~~~~~~~~~~~~~^^^^^^^^^^^^^^^^^^^^^^^^^^^^^^^^^^^^^^^^^^^^^
  File "D:\VIT - PROJECT\Real-Time-Face-Attendence-System\.venv\Lib\site-packages\flask\templating.py", line 150, in render_template
    template = app.jinja_env.get_or_select_template(template_name_or_list)
  File "D:\VIT - PROJECT\Real-Time-Face-Attendence-System\.venv\Lib\site-packages\jinja2\environment.py", line 1087, in get_or_select_template
    return self.get_template(template_name_or_list, parent, globals)
           ~~~~~~~~~~~~~~~~~^^^^^^^^^^^^^^^^^^^^^^^^^^^^^^^^^^^^^^^^
  File "D:\VIT - PROJECT\Real-Time-Face-Attendence-System\.venv\Lib\site-packages\jinja2\environment.py", line 1016, in get_template
    return self._load_template(name, globals)
           ~~~~~~~~~~~~~~~~~~~^^^^^^^^^^^^^^^
  File "D:\VIT - PROJECT\Real-Time-Face-Attendence-System\.venv\Lib\site-packages\jinja2\environment.py", line 975, in _load_template
    template = self.loader.load(self, name, self.make_globals(globals))
  File "D:\VIT - PROJECT\Real-Time-Face-Attendence-System\.venv\Lib\site-packages\jinja2\loaders.py", line 126, in load
    source, filename, uptodate = self.get_source(environment, name)
                                 ~~~~~~~~~~~~~~~^^^^^^^^^^^^^^^^^^^
  File "D:\VIT - PROJECT\Real-Time-Face-Attendence-System\.venv\Lib\site-packages\flask\templating.py", line 66, in get_source
    return self._get_source_fast(environment, template)
           ~~~~~~~~~~~~~~~~~~~~~^^^^^^^^^^^^^^^^^^^^^^^
  File "D:\VIT - PROJECT\Real-Time-Face-Attendence-System\.venv\Lib\site-packages\flask\templating.py", line 100, in _get_source_fast
    raise TemplateNotFound(template)
jinja2.exceptions.TemplateNotFound: error.html
2026-02-22 18:02:15 - app - ERROR - Exception on / [GET]
Traceback (most recent call last):
  File "D:\VIT - PROJECT\Real-Time-Face-Attendence-System\.venv\Lib\site-packages\flask\app.py", line 1511, in wsgi_app
    response = self.full_dispatch_request()
  File "D:\VIT - PROJECT\Real-Time-Face-Attendence-System\.venv\Lib\site-packages\flask\app.py", line 919, in full_dispatch_request
    rv = self.handle_user_exception(e)
  File "D:\VIT - PROJECT\Real-Time-Face-Attendence-System\.venv\Lib\site-packages\flask\app.py", line 917, in full_dispatch_request
    rv = self.dispatch_request()
  File "D:\VIT - PROJECT\Real-Time-Face-Attendence-System\.venv\Lib\site-packages\flask\app.py", line 902, in dispatch_request
    return self.ensure_sync(self.view_functions[rule.endpoint])(**view_args)  # type: ignore[no-any-return]
           ~~~~~~~~~~~~~~~~~~~~~~~~~~~~~~~~~~~~~~~~~~~~~~~~~~~~^^^^^^^^^^^^^
  File "D:\VIT - PROJECT\Real-Time-Face-Attendence-System\app\__init__.py", line 332, in index
    return render_template('index.html', stats=stats)
  File "D:\VIT - PROJECT\Real-Time-Face-Attendence-System\.venv\Lib\site-packages\flask\templating.py", line 150, in render_template
    template = app.jinja_env.get_or_select_template(template_name_or_list)
  File "D:\VIT - PROJECT\Real-Time-Face-Attendence-System\.venv\Lib\site-packages\jinja2\environment.py", line 1087, in get_or_select_template
    return self.get_template(template_name_or_list, parent, globals)
           ~~~~~~~~~~~~~~~~~^^^^^^^^^^^^^^^^^^^^^^^^^^^^^^^^^^^^^^^^
  File "D:\VIT - PROJECT\Real-Time-Face-Attendence-System\.venv\Lib\site-packages\jinja2\environment.py", line 1016, in get_template
    return self._load_template(name, globals)
           ~~~~~~~~~~~~~~~~~~~^^^^^^^^^^^^^^^
  File "D:\VIT - PROJECT\Real-Time-Face-Attendence-System\.venv\Lib\site-packages\jinja2\environment.py", line 975, in _load_template
    template = self.loader.load(self, name, self.make_globals(globals))
  File "D:\VIT - PROJECT\Real-Time-Face-Attendence-System\.venv\Lib\site-packages\jinja2\loaders.py", line 126, in load
    source, filename, uptodate = self.get_source(environment, name)
                                 ~~~~~~~~~~~~~~~^^^^^^^^^^^^^^^^^^^
  File "D:\VIT - PROJECT\Real-Time-Face-Attendence-System\.venv\Lib\site-packages\flask\templating.py", line 66, in get_source
    return self._get_source_fast(environment, template)
           ~~~~~~~~~~~~~~~~~~~~~^^^^^^^^^^^^^^^^^^^^^^^
  File "D:\VIT - PROJECT\Real-Time-Face-Attendence-System\.venv\Lib\site-packages\flask\templating.py", line 100, in _get_source_fast
    raise TemplateNotFound(template)
jinja2.exceptions.TemplateNotFound: index.html
2026-02-22 18:02:15 - app - ERROR - Server error: 500 Internal Server Error: The server encountered an internal error and was unable to complete your request. Either the server is overloaded or there is an error in the application.
2026-02-22 18:02:15 - werkzeug - INFO - 127.0.0.1 - - [22/Feb/2026 18:02:15] "[35m[1mGET / HTTP/1.1[0m" 500 -
2026-02-22 18:02:15 - werkzeug - ERROR - Error on request:
Traceback (most recent call last):
  File "D:\VIT - PROJECT\Real-Time-Face-Attendence-System\.venv\Lib\site-packages\flask\app.py", line 1511, in wsgi_app
    response = self.full_dispatch_request()
  File "D:\VIT - PROJECT\Real-Time-Face-Attendence-System\.venv\Lib\site-packages\flask\app.py", line 919, in full_dispatch_request
    rv = self.handle_user_exception(e)
  File "D:\VIT - PROJECT\Real-Time-Face-Attendence-System\.venv\Lib\site-packages\flask\app.py", line 917, in full_dispatch_request
    rv = self.dispatch_request()
  File "D:\VIT - PROJECT\Real-Time-Face-Attendence-System\.venv\Lib\site-packages\flask\app.py", line 902, in dispatch_request
    return self.ensure_sync(self.view_functions[rule.endpoint])(**view_args)  # type: ignore[no-any-return]
           ~~~~~~~~~~~~~~~~~~~~~~~~~~~~~~~~~~~~~~~~~~~~~~~~~~~~^^^^^^^^^^^^^
  File "D:\VIT - PROJECT\Real-Time-Face-Attendence-System\app\__init__.py", line 332, in index
    return render_template('index.html', stats=stats)
  File "D:\VIT - PROJECT\Real-Time-Face-Attendence-System\.venv\Lib\site-packages\flask\templating.py", line 150, in render_template
    template = app.jinja_env.get_or_select_template(template_name_or_list)
  File "D:\VIT - PROJECT\Real-Time-Face-Attendence-System\.venv\Lib\site-packages\jinja2\environment.py", line 1087, in get_or_select_template
    return self.get_template(template_name_or_list, parent, globals)
           ~~~~~~~~~~~~~~~~~^^^^^^^^^^^^^^^^^^^^^^^^^^^^^^^^^^^^^^^^
  File "D:\VIT - PROJECT\Real-Time-Face-Attendence-System\.venv\Lib\site-packages\jinja2\environment.py", line 1016, in get_template
    return self._load_template(name, globals)
           ~~~~~~~~~~~~~~~~~~~^^^^^^^^^^^^^^^
  File "D:\VIT - PROJECT\Real-Time-Face-Attendence-System\.venv\Lib\site-packages\jinja2\environment.py", line 975, in _load_template
    template = self.loader.load(self, name, self.make_globals(globals))
  File "D:\VIT - PROJECT\Real-Time-Face-Attendence-System\.venv\Lib\site-packages\jinja2\loaders.py", line 126, in load
    source, filename, uptodate = self.get_source(environment, name)
                                 ~~~~~~~~~~~~~~~^^^^^^^^^^^^^^^^^^^
  File "D:\VIT - PROJECT\Real-Time-Face-Attendence-System\.venv\Lib\site-packages\flask\templating.py", line 66, in get_source
    return self._get_source_fast(environment, template)
           ~~~~~~~~~~~~~~~~~~~~~^^^^^^^^^^^^^^^^^^^^^^^
  File "D:\VIT - PROJECT\Real-Time-Face-Attendence-System\.venv\Lib\site-packages\flask\templating.py", line 100, in _get_source_fast
    raise TemplateNotFound(template)
jinja2.exceptions.TemplateNotFound: index.html

During handling of the above exception, another exception occurred:

Traceback (most recent call last):
  File "D:\VIT - PROJECT\Real-Time-Face-Attendence-System\.venv\Lib\site-packages\werkzeug\serving.py", line 370, in run_wsgi
    execute(self.server.app)
    ~~~~~~~^^^^^^^^^^^^^^^^^
  File "D:\VIT - PROJECT\Real-Time-Face-Attendence-System\.venv\Lib\site-packages\werkzeug\serving.py", line 331, in execute
    application_iter = app(environ, start_response)
  File "D:\VIT - PROJECT\Real-Time-Face-Attendence-System\.venv\Lib\site-packages\flask\app.py", line 1536, in __call__
    return self.wsgi_app(environ, start_response)
           ~~~~~~~~~~~~~^^^^^^^^^^^^^^^^^^^^^^^^^
  File "D:\VIT - PROJECT\Real-Time-Face-Attendence-System\.venv\Lib\site-packages\flask\app.py", line 1514, in wsgi_app
    response = self.handle_exception(e)
  File "D:\VIT - PROJECT\Real-Time-Face-Attendence-System\.venv\Lib\site-packages\flask\app.py", line 860, in handle_exception
    server_error = self.ensure_sync(handler)(server_error)
  File "D:\VIT - PROJECT\Real-Time-Face-Attendence-System\app\__init__.py", line 590, in server_error
    return render_template('error.html', error='Internal server error'), 500
           ~~~~~~~~~~~~~~~^^^^^^^^^^^^^^^^^^^^^^^^^^^^^^^^^^^^^^^^^^^^^
  File "D:\VIT - PROJECT\Real-Time-Face-Attendence-System\.venv\Lib\site-packages\flask\templating.py", line 150, in render_template
    template = app.jinja_env.get_or_select_template(template_name_or_list)
  File "D:\VIT - PROJECT\Real-Time-Face-Attendence-System\.venv\Lib\site-packages\jinja2\environment.py", line 1087, in get_or_select_template
    return self.get_template(template_name_or_list, parent, globals)
           ~~~~~~~~~~~~~~~~~^^^^^^^^^^^^^^^^^^^^^^^^^^^^^^^^^^^^^^^^
  File "D:\VIT - PROJECT\Real-Time-Face-Attendence-System\.venv\Lib\site-packages\jinja2\environment.py", line 1016, in get_template
    return self._load_template(name, globals)
           ~~~~~~~~~~~~~~~~~~~^^^^^^^^^^^^^^^
  File "D:\VIT - PROJECT\Real-Time-Face-Attendence-System\.venv\Lib\site-packages\jinja2\environment.py", line 975, in _load_template
    template = self.loader.load(self, name, self.make_globals(globals))
  File "D:\VIT - PROJECT\Real-Time-Face-Attendence-System\.venv\Lib\site-packages\jinja2\loaders.py", line 126, in load
    source, filename, uptodate = self.get_source(environment, name)
                                 ~~~~~~~~~~~~~~~^^^^^^^^^^^^^^^^^^^
  File "D:\VIT - PROJECT\Real-Time-Face-Attendence-System\.venv\Lib\site-packages\flask\templating.py", line 66, in get_source
    return self._get_source_fast(environment, template)
           ~~~~~~~~~~~~~~~~~~~~~^^^^^^^^^^^^^^^^^^^^^^^
  File "D:\VIT - PROJECT\Real-Time-Face-Attendence-System\.venv\Lib\site-packages\flask\templating.py", line 100, in _get_source_fast
    raise TemplateNotFound(template)
jinja2.exceptions.TemplateNotFound: error.html
2026-02-22 18:02:15 - app - ERROR - Exception on /favicon.ico [GET]
Traceback (most recent call last):
  File "D:\VIT - PROJECT\Real-Time-Face-Attendence-System\.venv\Lib\site-packages\flask\app.py", line 917, in full_dispatch_request
    rv = self.dispatch_request()
  File "D:\VIT - PROJECT\Real-Time-Face-Attendence-System\.venv\Lib\site-packages\flask\app.py", line 891, in dispatch_request
    self.raise_routing_exception(req)
    ~~~~~~~~~~~~~~~~~~~~~~~~~~~~^^^^^
  File "D:\VIT - PROJECT\Real-Time-Face-Attendence-System\.venv\Lib\site-packages\flask\app.py", line 500, in raise_routing_exception
    raise request.routing_exception  # type: ignore[misc]
    ^^^^^^^^^^^^^^^^^^^^^^^^^^^^^^^
  File "D:\VIT - PROJECT\Real-Time-Face-Attendence-System\.venv\Lib\site-packages\flask\ctx.py", line 362, in match_request
    result = self.url_adapter.match(return_rule=True)  # type: ignore
  File "D:\VIT - PROJECT\Real-Time-Face-Attendence-System\.venv\Lib\site-packages\werkzeug\routing\map.py", line 629, in match
    raise NotFound() from None
werkzeug.exceptions.NotFound: 404 Not Found: The requested URL was not found on the server. If you entered the URL manually please check your spelling and try again.

During handling of the above exception, another exception occurred:

Traceback (most recent call last):
  File "D:\VIT - PROJECT\Real-Time-Face-Attendence-System\.venv\Lib\site-packages\flask\app.py", line 1511, in wsgi_app
    response = self.full_dispatch_request()
  File "D:\VIT - PROJECT\Real-Time-Face-Attendence-System\.venv\Lib\site-packages\flask\app.py", line 919, in full_dispatch_request
    rv = self.handle_user_exception(e)
  File "D:\VIT - PROJECT\Real-Time-Face-Attendence-System\.venv\Lib\site-packages\flask\app.py", line 802, in handle_user_exception
    return self.handle_http_exception(e)
           ~~~~~~~~~~~~~~~~~~~~~~~~~~^^^
  File "D:\VIT - PROJECT\Real-Time-Face-Attendence-System\.venv\Lib\site-packages\flask\app.py", line 777, in handle_http_exception
    return self.ensure_sync(handler)(e)  # type: ignore[no-any-return]
           ~~~~~~~~~~~~~~~~~~~~~~~~~^^^
  File "D:\VIT - PROJECT\Real-Time-Face-Attendence-System\app\__init__.py", line 583, in not_found
    return render_template('error.html', error='Page not found'), 404
           ~~~~~~~~~~~~~~~^^^^^^^^^^^^^^^^^^^^^^^^^^^^^^^^^^^^^^
  File "D:\VIT - PROJECT\Real-Time-Face-Attendence-System\.venv\Lib\site-packages\flask\templating.py", line 150, in render_template
    template = app.jinja_env.get_or_select_template(template_name_or_list)
  File "D:\VIT - PROJECT\Real-Time-Face-Attendence-System\.venv\Lib\site-packages\jinja2\environment.py", line 1087, in get_or_select_template
    return self.get_template(template_name_or_list, parent, globals)
           ~~~~~~~~~~~~~~~~~^^^^^^^^^^^^^^^^^^^^^^^^^^^^^^^^^^^^^^^^
  File "D:\VIT - PROJECT\Real-Time-Face-Attendence-System\.venv\Lib\site-packages\jinja2\environment.py", line 1016, in get_template
    return self._load_template(name, globals)
           ~~~~~~~~~~~~~~~~~~~^^^^^^^^^^^^^^^
  File "D:\VIT - PROJECT\Real-Time-Face-Attendence-System\.venv\Lib\site-packages\jinja2\environment.py", line 975, in _load_template
    template = self.loader.load(self, name, self.make_globals(globals))
  File "D:\VIT - PROJECT\Real-Time-Face-Attendence-System\.venv\Lib\site-packages\jinja2\loaders.py", line 126, in load
    source, filename, uptodate = self.get_source(environment, name)
                                 ~~~~~~~~~~~~~~~^^^^^^^^^^^^^^^^^^^
  File "D:\VIT - PROJECT\Real-Time-Face-Attendence-System\.venv\Lib\site-packages\flask\templating.py", line 66, in get_source
    return self._get_source_fast(environment, template)
           ~~~~~~~~~~~~~~~~~~~~~^^^^^^^^^^^^^^^^^^^^^^^
  File "D:\VIT - PROJECT\Real-Time-Face-Attendence-System\.venv\Lib\site-packages\flask\templating.py", line 100, in _get_source_fast
    raise TemplateNotFound(template)
jinja2.exceptions.TemplateNotFound: error.html
2026-02-22 18:02:15 - app - ERROR - Server error: 500 Internal Server Error: The server encountered an internal error and was unable to complete your request. Either the server is overloaded or there is an error in the application.
2026-02-22 18:02:15 - werkzeug - INFO - 127.0.0.1 - - [22/Feb/2026 18:02:15] "[35m[1mGET /favicon.ico HTTP/1.1[0m" 500 -
2026-02-22 18:02:15 - werkzeug - ERROR - Error on request:
Traceback (most recent call last):
  File "D:\VIT - PROJECT\Real-Time-Face-Attendence-System\.venv\Lib\site-packages\flask\app.py", line 917, in full_dispatch_request
    rv = self.dispatch_request()
  File "D:\VIT - PROJECT\Real-Time-Face-Attendence-System\.venv\Lib\site-packages\flask\app.py", line 891, in dispatch_request
    self.raise_routing_exception(req)
    ~~~~~~~~~~~~~~~~~~~~~~~~~~~~^^^^^
  File "D:\VIT - PROJECT\Real-Time-Face-Attendence-System\.venv\Lib\site-packages\flask\app.py", line 500, in raise_routing_exception
    raise request.routing_exception  # type: ignore[misc]
    ^^^^^^^^^^^^^^^^^^^^^^^^^^^^^^^
  File "D:\VIT - PROJECT\Real-Time-Face-Attendence-System\.venv\Lib\site-packages\flask\ctx.py", line 362, in match_request
    result = self.url_adapter.match(return_rule=True)  # type: ignore
  File "D:\VIT - PROJECT\Real-Time-Face-Attendence-System\.venv\Lib\site-packages\werkzeug\routing\map.py", line 629, in match
    raise NotFound() from None
werkzeug.exceptions.NotFound: 404 Not Found: The requested URL was not found on the server. If you entered the URL manually please check your spelling and try again.

During handling of the above exception, another exception occurred:

Traceback (most recent call last):
  File "D:\VIT - PROJECT\Real-Time-Face-Attendence-System\.venv\Lib\site-packages\flask\app.py", line 1511, in wsgi_app
    response = self.full_dispatch_request()
  File "D:\VIT - PROJECT\Real-Time-Face-Attendence-System\.venv\Lib\site-packages\flask\app.py", line 919, in full_dispatch_request
    rv = self.handle_user_exception(e)
  File "D:\VIT - PROJECT\Real-Time-Face-Attendence-System\.venv\Lib\site-packages\flask\app.py", line 802, in handle_user_exception
    return self.handle_http_exception(e)
           ~~~~~~~~~~~~~~~~~~~~~~~~~~^^^
  File "D:\VIT - PROJECT\Real-Time-Face-Attendence-System\.venv\Lib\site-packages\flask\app.py", line 777, in handle_http_exception
    return self.ensure_sync(handler)(e)  # type: ignore[no-any-return]
           ~~~~~~~~~~~~~~~~~~~~~~~~~^^^
  File "D:\VIT - PROJECT\Real-Time-Face-Attendence-System\app\__init__.py", line 583, in not_found
    return render_template('error.html', error='Page not found'), 404
           ~~~~~~~~~~~~~~~^^^^^^^^^^^^^^^^^^^^^^^^^^^^^^^^^^^^^^
  File "D:\VIT - PROJECT\Real-Time-Face-Attendence-System\.venv\Lib\site-packages\flask\templating.py", line 150, in render_template
    template = app.jinja_env.get_or_select_template(template_name_or_list)
  File "D:\VIT - PROJECT\Real-Time-Face-Attendence-System\.venv\Lib\site-packages\jinja2\environment.py", line 1087, in get_or_select_template
    return self.get_template(template_name_or_list, parent, globals)
           ~~~~~~~~~~~~~~~~~^^^^^^^^^^^^^^^^^^^^^^^^^^^^^^^^^^^^^^^^
  File "D:\VIT - PROJECT\Real-Time-Face-Attendence-System\.venv\Lib\site-packages\jinja2\environment.py", line 1016, in get_template
    return self._load_template(name, globals)
           ~~~~~~~~~~~~~~~~~~~^^^^^^^^^^^^^^^
  File "D:\VIT - PROJECT\Real-Time-Face-Attendence-System\.venv\Lib\site-packages\jinja2\environment.py", line 975, in _load_template
    template = self.loader.load(self, name, self.make_globals(globals))
  File "D:\VIT - PROJECT\Real-Time-Face-Attendence-System\.venv\Lib\site-packages\jinja2\loaders.py", line 126, in load
    source, filename, uptodate = self.get_source(environment, name)
                                 ~~~~~~~~~~~~~~~^^^^^^^^^^^^^^^^^^^
  File "D:\VIT - PROJECT\Real-Time-Face-Attendence-System\.venv\Lib\site-packages\flask\templating.py", line 66, in get_source
    return self._get_source_fast(environment, template)
           ~~~~~~~~~~~~~~~~~~~~~^^^^^^^^^^^^^^^^^^^^^^^
  File "D:\VIT - PROJECT\Real-Time-Face-Attendence-System\.venv\Lib\site-packages\flask\templating.py", line 100, in _get_source_fast
    raise TemplateNotFound(template)
jinja2.exceptions.TemplateNotFound: error.html

During handling of the above exception, another exception occurred:

Traceback (most recent call last):
  File "D:\VIT - PROJECT\Real-Time-Face-Attendence-System\.venv\Lib\site-packages\werkzeug\serving.py", line 370, in run_wsgi
    execute(self.server.app)
    ~~~~~~~^^^^^^^^^^^^^^^^^
  File "D:\VIT - PROJECT\Real-Time-Face-Attendence-System\.venv\Lib\site-packages\werkzeug\serving.py", line 331, in execute
    application_iter = app(environ, start_response)
  File "D:\VIT - PROJECT\Real-Time-Face-Attendence-System\.venv\Lib\site-packages\flask\app.py", line 1536, in __call__
    return self.wsgi_app(environ, start_response)
           ~~~~~~~~~~~~~^^^^^^^^^^^^^^^^^^^^^^^^^
  File "D:\VIT - PROJECT\Real-Time-Face-Attendence-System\.venv\Lib\site-packages\flask\app.py", line 1514, in wsgi_app
    response = self.handle_exception(e)
  File "D:\VIT - PROJECT\Real-Time-Face-Attendence-System\.venv\Lib\site-packages\flask\app.py", line 860, in handle_exception
    server_error = self.ensure_sync(handler)(server_error)
  File "D:\VIT - PROJECT\Real-Time-Face-Attendence-System\app\__init__.py", line 590, in server_error
    return render_template('error.html', error='Internal server error'), 500
           ~~~~~~~~~~~~~~~^^^^^^^^^^^^^^^^^^^^^^^^^^^^^^^^^^^^^^^^^^^^^
  File "D:\VIT - PROJECT\Real-Time-Face-Attendence-System\.venv\Lib\site-packages\flask\templating.py", line 150, in render_template
    template = app.jinja_env.get_or_select_template(template_name_or_list)
  File "D:\VIT - PROJECT\Real-Time-Face-Attendence-System\.venv\Lib\site-packages\jinja2\environment.py", line 1087, in get_or_select_template
    return self.get_template(template_name_or_list, parent, globals)
           ~~~~~~~~~~~~~~~~~^^^^^^^^^^^^^^^^^^^^^^^^^^^^^^^^^^^^^^^^
  File "D:\VIT - PROJECT\Real-Time-Face-Attendence-System\.venv\Lib\site-packages\jinja2\environment.py", line 1016, in get_template
    return self._load_template(name, globals)
           ~~~~~~~~~~~~~~~~~~~^^^^^^^^^^^^^^^
  File "D:\VIT - PROJECT\Real-Time-Face-Attendence-System\.venv\Lib\site-packages\jinja2\environment.py", line 975, in _load_template
    template = self.loader.load(self, name, self.make_globals(globals))
  File "D:\VIT - PROJECT\Real-Time-Face-Attendence-System\.venv\Lib\site-packages\jinja2\loaders.py", line 126, in load
    source, filename, uptodate = self.get_source(environment, name)
                                 ~~~~~~~~~~~~~~~^^^^^^^^^^^^^^^^^^^
  File "D:\VIT - PROJECT\Real-Time-Face-Attendence-System\.venv\Lib\site-packages\flask\templating.py", line 66, in get_source
    return self._get_source_fast(environment, template)
           ~~~~~~~~~~~~~~~~~~~~~^^^^^^^^^^^^^^^^^^^^^^^
  File "D:\VIT - PROJECT\Real-Time-Face-Attendence-System\.venv\Lib\site-packages\flask\templating.py", line 100, in _get_source_fast
    raise TemplateNotFound(template)
jinja2.exceptions.TemplateNotFound: error.html
2026-02-22 18:03:01 - app - INFO - System cleanup complete
2026-02-22 18:04:52 - app - INFO - Initializing system components...
2026-02-22 18:04:52 - app.database - INFO - Database schema initialized
2026-02-22 18:04:52 - app.database - INFO - DatabaseManager initialized with D:\VIT - PROJECT\Real-Time-Face-Attendence-System\attendance.db
2026-02-22 18:04:52 - app.database - INFO - DatabaseService initialized
2026-02-22 18:04:52 - app.detection - INFO - Using OpenCV Haar Cascade for face detection
2026-02-22 18:04:52 - app.detection - INFO - FaceDetector initialized with confidence=0.5, model_selection=1, max_faces=20
2026-02-22 18:04:52 - app.recognition - INFO - FaceEncoder initialized with model=VGG-Face
2026-02-22 18:04:52 - app.recognition - INFO - FaceEncoder initialized with model=VGG-Face
2026-02-22 18:04:52 - app.recognition - INFO - DatasetEncoder initialized with dataset=D:\VIT - PROJECT\Real-Time-Face-Attendence-System\dataset
2026-02-22 18:04:52 - app.recognition - INFO - Loaded encodings for 2 students
2026-02-22 18:04:52 - app.recognition - INFO - FaceRecognizer initialized with 40 known faces
2026-02-22 18:04:52 - app.engagement - INFO - Using OpenCV fallback for engagement (limited features)
2026-02-22 18:04:52 - app.engagement - INFO - FaceMeshAnalyzer initialized for 20 faces
2026-02-22 18:04:52 - app.engagement - INFO - EngagementTracker initialized
2026-02-22 18:04:52 - app.engagement - INFO - Using OpenCV fallback for engagement (limited features)
2026-02-22 18:04:52 - app.engagement - INFO - FaceMeshAnalyzer initialized for 20 faces
2026-02-22 18:04:52 - app.engagement - INFO - EngagementTracker initialized
2026-02-22 18:04:52 - app - INFO - System components initialized successfully
2026-02-22 18:04:52 - app - INFO - System cleanup complete
2026-02-22 18:06:24 - app - INFO - Initializing system components...
2026-02-22 18:06:24 - app.database - INFO - Database schema initialized
2026-02-22 18:06:24 - app.database - INFO - DatabaseManager initialized with D:\VIT - PROJECT\Real-Time-Face-Attendence-System\attendance.db
2026-02-22 18:06:24 - app.database - INFO - DatabaseService initialized
2026-02-22 18:06:24 - app.detection - INFO - Using OpenCV Haar Cascade for face detection
2026-02-22 18:06:24 - app.detection - INFO - FaceDetector initialized with confidence=0.5, model_selection=1, max_faces=20
2026-02-22 18:06:24 - app.recognition - INFO - FaceEncoder initialized with model=VGG-Face
2026-02-22 18:06:24 - app.recognition - INFO - FaceEncoder initialized with model=VGG-Face
2026-02-22 18:06:24 - app.recognition - INFO - DatasetEncoder initialized with dataset=D:\VIT - PROJECT\Real-Time-Face-Attendence-System\dataset
2026-02-22 18:06:24 - app.recognition - INFO - Loaded encodings for 2 students
2026-02-22 18:06:24 - app.recognition - INFO - FaceRecognizer initialized with 40 known faces
2026-02-22 18:06:24 - app.engagement - INFO - Using OpenCV fallback for engagement (limited features)
2026-02-22 18:06:24 - app.engagement - INFO - FaceMeshAnalyzer initialized for 20 faces
2026-02-22 18:06:24 - app.engagement - INFO - EngagementTracker initialized
2026-02-22 18:06:24 - app.engagement - INFO - Using OpenCV fallback for engagement (limited features)
2026-02-22 18:06:24 - app.engagement - INFO - FaceMeshAnalyzer initialized for 20 faces
2026-02-22 18:06:24 - app.engagement - INFO - EngagementTracker initialized
2026-02-22 18:06:24 - app - INFO - System components initialized successfully
2026-02-22 18:06:24 - werkzeug - INFO - [31m[1mWARNING: This is a development server. Do not use it in a production deployment. Use a production WSGI server instead.[0m
 * Running on all addresses (0.0.0.0)
 * Running on http://127.0.0.1:5000
 * Running on http://172.20.200.41:5000
2026-02-22 18:06:24 - werkzeug - INFO - [33mPress CTRL+C to quit[0m
2026-02-22 18:07:19 - app - INFO - Initializing system components...
2026-02-22 18:07:20 - app.database - INFO - Database schema initialized
2026-02-22 18:07:20 - app.database - INFO - DatabaseManager initialized with D:\VIT - PROJECT\Real-Time-Face-Attendence-System\attendance.db
2026-02-22 18:07:20 - app.database - INFO - DatabaseService initialized
2026-02-22 18:07:20 - app.detection - INFO - Using OpenCV Haar Cascade for face detection
2026-02-22 18:07:20 - app.detection - INFO - FaceDetector initialized with confidence=0.5, model_selection=1, max_faces=20
2026-02-22 18:07:20 - app.recognition - INFO - FaceEncoder initialized with model=VGG-Face
2026-02-22 18:07:20 - app.recognition - INFO - FaceEncoder initialized with model=VGG-Face
2026-02-22 18:07:20 - app.recognition - INFO - DatasetEncoder initialized with dataset=D:\VIT - PROJECT\Real-Time-Face-Attendence-System\dataset
2026-02-22 18:07:20 - app.recognition - INFO - Loaded encodings for 2 students
2026-02-22 18:07:20 - app.recognition - INFO - FaceRecognizer initialized with 40 known faces
2026-02-22 18:07:20 - app.engagement - INFO - Using OpenCV fallback for engagement (limited features)
2026-02-22 18:07:20 - app.engagement - INFO - FaceMeshAnalyzer initialized for 20 faces
2026-02-22 18:07:20 - app.engagement - INFO - EngagementTracker initialized
2026-02-22 18:07:20 - app.engagement - INFO - Using OpenCV fallback for engagement (limited features)
2026-02-22 18:07:20 - app.engagement - INFO - FaceMeshAnalyzer initialized for 20 faces
2026-02-22 18:07:20 - app.engagement - INFO - EngagementTracker initialized
2026-02-22 18:07:20 - app - INFO - System components initialized successfully
2026-02-22 18:07:20 - app - INFO - System cleanup complete
2026-02-22 18:07:57 - app - INFO - Initializing system components...
2026-02-22 18:07:57 - app.database - INFO - Database schema initialized
2026-02-22 18:07:57 - app.database - INFO - DatabaseManager initialized with D:\VIT - PROJECT\Real-Time-Face-Attendence-System\attendance.db
2026-02-22 18:07:57 - app.database - INFO - DatabaseService initialized
2026-02-22 18:07:57 - app.detection - INFO - Using OpenCV Haar Cascade for face detection
2026-02-22 18:07:57 - app.detection - INFO - FaceDetector initialized with confidence=0.5, model_selection=1, max_faces=20
2026-02-22 18:07:57 - app.recognition - INFO - FaceEncoder initialized with model=VGG-Face
2026-02-22 18:07:57 - app.recognition - INFO - FaceEncoder initialized with model=VGG-Face
2026-02-22 18:07:57 - app.recognition - INFO - DatasetEncoder initialized with dataset=D:\VIT - PROJECT\Real-Time-Face-Attendence-System\dataset
2026-02-22 18:07:57 - app.recognition - INFO - Loaded encodings for 2 students
2026-02-22 18:07:57 - app.recognition - INFO - FaceRecognizer initialized with 40 known faces
2026-02-22 18:07:57 - app.engagement - INFO - Using OpenCV fallback for engagement (limited features)
2026-02-22 18:07:57 - app.engagement - INFO - FaceMeshAnalyzer initialized for 20 faces
2026-02-22 18:07:57 - app.engagement - INFO - EngagementTracker initialized
2026-02-22 18:07:57 - app.engagement - INFO - Using OpenCV fallback for engagement (limited features)
2026-02-22 18:07:57 - app.engagement - INFO - FaceMeshAnalyzer initialized for 20 faces
2026-02-22 18:07:57 - app.engagement - INFO - EngagementTracker initialized
2026-02-22 18:07:57 - app - INFO - System components initialized successfully
2026-02-22 18:07:57 - werkzeug - INFO - [31m[1mWARNING: This is a development server. Do not use it in a production deployment. Use a production WSGI server instead.[0m
 * Running on all addresses (0.0.0.0)
 * Running on http://127.0.0.1:5000
 * Running on http://172.20.200.41:5000
2026-02-22 18:07:57 - werkzeug - INFO - [33mPress CTRL+C to quit[0m
2026-02-22 18:09:28 - werkzeug - INFO - 127.0.0.1 - - [22/Feb/2026 18:09:28] "GET / HTTP/1.1" 200 -
2026-02-22 18:09:28 - werkzeug - INFO - 127.0.0.1 - - [22/Feb/2026 18:09:28] "GET /static/css/style.css HTTP/1.1" 200 -
2026-02-22 18:09:28 - werkzeug - INFO - 127.0.0.1 - - [22/Feb/2026 18:09:28] "GET /static/js/main.js HTTP/1.1" 200 -
2026-02-22 18:09:28 - werkzeug - INFO - 127.0.0.1 - - [22/Feb/2026 18:09:28] "GET /api/stats HTTP/1.1" 200 -
2026-02-22 18:09:29 - werkzeug - INFO - 127.0.0.1 - - [22/Feb/2026 18:09:29] "GET /api/stats HTTP/1.1" 200 -
2026-02-22 18:09:29 - werkzeug - INFO - 127.0.0.1 - - [22/Feb/2026 18:09:29] "[33mGET /favicon.ico HTTP/1.1[0m" 404 -
2026-02-22 18:09:29 - werkzeug - INFO - 127.0.0.1 - - [22/Feb/2026 18:09:29] "GET /api/engagement HTTP/1.1" 200 -
2026-02-22 18:09:31 - werkzeug - INFO - 127.0.0.1 - - [22/Feb/2026 18:09:31] "GET /api/engagement HTTP/1.1" 200 -
2026-02-22 18:09:31 - werkzeug - INFO - 127.0.0.1 - - [22/Feb/2026 18:09:31] "GET /api/stats HTTP/1.1" 200 -
2026-02-22 18:09:31 - werkzeug - INFO - 127.0.0.1 - - [22/Feb/2026 18:09:31] "GET /api/engagement HTTP/1.1" 200 -
2026-02-22 18:09:33 - werkzeug - INFO - 127.0.0.1 - - [22/Feb/2026 18:09:33] "GET /api/engagement HTTP/1.1" 200 -
2026-02-22 18:09:33 - werkzeug - INFO - 127.0.0.1 - - [22/Feb/2026 18:09:33] "GET /api/stats HTTP/1.1" 200 -
2026-02-22 18:09:33 - werkzeug - INFO - 127.0.0.1 - - [22/Feb/2026 18:09:33] "GET /api/engagement HTTP/1.1" 200 -
2026-02-22 18:09:35 - werkzeug - INFO - 127.0.0.1 - - [22/Feb/2026 18:09:35] "GET /api/engagement HTTP/1.1" 200 -
2026-02-22 18:09:35 - werkzeug - INFO - 127.0.0.1 - - [22/Feb/2026 18:09:35] "GET /api/stats HTTP/1.1" 200 -
2026-02-22 18:09:35 - werkzeug - INFO - 127.0.0.1 - - [22/Feb/2026 18:09:35] "GET /api/engagement HTTP/1.1" 200 -
2026-02-22 18:09:37 - werkzeug - INFO - 127.0.0.1 - - [22/Feb/2026 18:09:37] "GET /api/engagement HTTP/1.1" 200 -
2026-02-22 18:09:37 - werkzeug - INFO - 127.0.0.1 - - [22/Feb/2026 18:09:37] "GET /api/stats HTTP/1.1" 200 -
2026-02-22 18:09:37 - werkzeug - INFO - 127.0.0.1 - - [22/Feb/2026 18:09:37] "GET /api/engagement HTTP/1.1" 200 -
2026-02-22 18:09:39 - werkzeug - INFO - 127.0.0.1 - - [22/Feb/2026 18:09:39] "GET /api/engagement HTTP/1.1" 200 -
2026-02-22 18:09:39 - werkzeug - INFO - 127.0.0.1 - - [22/Feb/2026 18:09:39] "GET /api/stats HTTP/1.1" 200 -
2026-02-22 18:09:39 - werkzeug - INFO - 127.0.0.1 - - [22/Feb/2026 18:09:39] "GET /api/engagement HTTP/1.1" 200 -
2026-02-22 18:09:41 - werkzeug - INFO - 127.0.0.1 - - [22/Feb/2026 18:09:41] "GET /api/engagement HTTP/1.1" 200 -
2026-02-22 18:09:41 - werkzeug - INFO - 127.0.0.1 - - [22/Feb/2026 18:09:41] "GET /api/stats HTTP/1.1" 200 -
2026-02-22 18:09:41 - werkzeug - INFO - 127.0.0.1 - - [22/Feb/2026 18:09:41] "GET /api/engagement HTTP/1.1" 200 -
2026-02-22 18:09:43 - werkzeug - INFO - 127.0.0.1 - - [22/Feb/2026 18:09:43] "GET /api/engagement HTTP/1.1" 200 -
2026-02-22 18:09:43 - werkzeug - INFO - 127.0.0.1 - - [22/Feb/2026 18:09:43] "GET /api/stats HTTP/1.1" 200 -
2026-02-22 18:09:43 - werkzeug - INFO - 127.0.0.1 - - [22/Feb/2026 18:09:43] "GET /api/engagement HTTP/1.1" 200 -
2026-02-22 18:09:45 - werkzeug - INFO - 127.0.0.1 - - [22/Feb/2026 18:09:45] "GET /api/engagement HTTP/1.1" 200 -
2026-02-22 18:09:45 - werkzeug - INFO - 127.0.0.1 - - [22/Feb/2026 18:09:45] "GET /api/stats HTTP/1.1" 200 -
2026-02-22 18:09:45 - werkzeug - INFO - 127.0.0.1 - - [22/Feb/2026 18:09:45] "GET /api/engagement HTTP/1.1" 200 -
2026-02-22 18:09:47 - werkzeug - INFO - 127.0.0.1 - - [22/Feb/2026 18:09:47] "GET /api/engagement HTTP/1.1" 200 -
2026-02-22 18:09:47 - werkzeug - INFO - 127.0.0.1 - - [22/Feb/2026 18:09:47] "GET /api/stats HTTP/1.1" 200 -
2026-02-22 18:09:47 - werkzeug - INFO - 127.0.0.1 - - [22/Feb/2026 18:09:47] "GET /api/engagement HTTP/1.1" 200 -
2026-02-22 18:09:49 - werkzeug - INFO - 127.0.0.1 - - [22/Feb/2026 18:09:49] "GET /api/engagement HTTP/1.1" 200 -
2026-02-22 18:09:49 - werkzeug - INFO - 127.0.0.1 - - [22/Feb/2026 18:09:49] "GET /api/stats HTTP/1.1" 200 -
2026-02-22 18:09:49 - werkzeug - INFO - 127.0.0.1 - - [22/Feb/2026 18:09:49] "GET /api/engagement HTTP/1.1" 200 -
2026-02-22 18:09:51 - werkzeug - INFO - 127.0.0.1 - - [22/Feb/2026 18:09:51] "GET /api/engagement HTTP/1.1" 200 -
2026-02-22 18:09:51 - werkzeug - INFO - 127.0.0.1 - - [22/Feb/2026 18:09:51] "GET /api/stats HTTP/1.1" 200 -
2026-02-22 18:09:51 - werkzeug - INFO - 127.0.0.1 - - [22/Feb/2026 18:09:51] "GET /api/engagement HTTP/1.1" 200 -
2026-02-22 18:09:52 - werkzeug - INFO - 127.0.0.1 - - [22/Feb/2026 18:09:52] "GET /live HTTP/1.1" 200 -
2026-02-22 18:09:53 - werkzeug - INFO - 127.0.0.1 - - [22/Feb/2026 18:09:53] "[36mGET /static/css/style.css HTTP/1.1[0m" 304 -
2026-02-22 18:09:53 - werkzeug - INFO - 127.0.0.1 - - [22/Feb/2026 18:09:53] "GET /api/engagement HTTP/1.1" 200 -
2026-02-22 18:09:53 - werkzeug - INFO - 127.0.0.1 - - [22/Feb/2026 18:09:53] "GET /api/stats HTTP/1.1" 200 -
2026-02-22 18:09:53 - werkzeug - INFO - 127.0.0.1 - - [22/Feb/2026 18:09:53] "[36mGET /static/js/main.js HTTP/1.1[0m" 304 -
2026-02-22 18:09:53 - werkzeug - INFO - 127.0.0.1 - - [22/Feb/2026 18:09:53] "GET /video_feed HTTP/1.1" 200 -
2026-02-22 18:09:53 - werkzeug - INFO - 127.0.0.1 - - [22/Feb/2026 18:09:53] "GET /api/stats HTTP/1.1" 200 -
2026-02-22 18:09:53 - werkzeug - INFO - 127.0.0.1 - - [22/Feb/2026 18:09:53] "GET /api/engagement HTTP/1.1" 200 -
2026-02-22 18:09:53 - werkzeug - INFO - 127.0.0.1 - - [22/Feb/2026 18:09:53] "GET /api/stats HTTP/1.1" 200 -
2026-02-22 18:09:54 - werkzeug - INFO - 127.0.0.1 - - [22/Feb/2026 18:09:54] "GET /api/engagement HTTP/1.1" 200 -
2026-02-22 18:09:54 - werkzeug - INFO - 127.0.0.1 - - [22/Feb/2026 18:09:54] "GET /api/stats HTTP/1.1" 200 -
2026-02-22 18:09:55 - werkzeug - INFO - 127.0.0.1 - - [22/Feb/2026 18:09:55] "GET /api/engagement HTTP/1.1" 200 -
2026-02-22 18:09:55 - werkzeug - INFO - 127.0.0.1 - - [22/Feb/2026 18:09:55] "GET /api/stats HTTP/1.1" 200 -
2026-02-22 18:09:56 - werkzeug - INFO - 127.0.0.1 - - [22/Feb/2026 18:09:56] "GET /api/engagement HTTP/1.1" 200 -
2026-02-22 18:09:56 - werkzeug - INFO - 127.0.0.1 - - [22/Feb/2026 18:09:56] "GET /api/stats HTTP/1.1" 200 -
2026-02-22 18:09:57 - werkzeug - INFO - 127.0.0.1 - - [22/Feb/2026 18:09:57] "GET /api/engagement HTTP/1.1" 200 -
2026-02-22 18:09:57 - werkzeug - INFO - 127.0.0.1 - - [22/Feb/2026 18:09:57] "GET /api/stats HTTP/1.1" 200 -
2026-02-22 18:09:58 - werkzeug - INFO - 127.0.0.1 - - [22/Feb/2026 18:09:58] "GET /api/engagement HTTP/1.1" 200 -
2026-02-22 18:09:58 - werkzeug - INFO - 127.0.0.1 - - [22/Feb/2026 18:09:58] "GET /api/stats HTTP/1.1" 200 -
2026-02-22 18:09:59 - werkzeug - INFO - 127.0.0.1 - - [22/Feb/2026 18:09:59] "GET /api/engagement HTTP/1.1" 200 -
2026-02-22 18:09:59 - werkzeug - INFO - 127.0.0.1 - - [22/Feb/2026 18:09:59] "GET /api/stats HTTP/1.1" 200 -
2026-02-22 18:10:00 - werkzeug - INFO - 127.0.0.1 - - [22/Feb/2026 18:10:00] "GET /api/engagement HTTP/1.1" 200 -
2026-02-22 18:10:00 - werkzeug - INFO - 127.0.0.1 - - [22/Feb/2026 18:10:00] "GET /api/stats HTTP/1.1" 200 -
2026-02-22 18:10:01 - werkzeug - INFO - 127.0.0.1 - - [22/Feb/2026 18:10:01] "GET /attendance HTTP/1.1" 200 -
2026-02-22 18:10:01 - werkzeug - INFO - 127.0.0.1 - - [22/Feb/2026 18:10:01] "[36mGET /static/css/style.css HTTP/1.1[0m" 304 -
2026-02-22 18:10:01 - werkzeug - INFO - 127.0.0.1 - - [22/Feb/2026 18:10:01] "[36mGET /static/js/main.js HTTP/1.1[0m" 304 -
2026-02-22 18:10:01 - werkzeug - INFO - 127.0.0.1 - - [22/Feb/2026 18:10:01] "GET /api/stats HTTP/1.1" 200 -
2026-02-22 18:10:05 - werkzeug - INFO - 127.0.0.1 - - [22/Feb/2026 18:10:05] "GET /students HTTP/1.1" 200 -
2026-02-22 18:10:05 - werkzeug - INFO - 127.0.0.1 - - [22/Feb/2026 18:10:05] "[36mGET /static/css/style.css HTTP/1.1[0m" 304 -
2026-02-22 18:10:05 - werkzeug - INFO - 127.0.0.1 - - [22/Feb/2026 18:10:05] "[36mGET /static/js/main.js HTTP/1.1[0m" 304 -
2026-02-22 18:10:05 - werkzeug - INFO - 127.0.0.1 - - [22/Feb/2026 18:10:05] "GET /api/stats HTTP/1.1" 200 -
2026-02-22 18:10:19 - werkzeug - INFO - 127.0.0.1 - - [22/Feb/2026 18:10:19] "GET /register HTTP/1.1" 200 -
2026-02-22 18:10:19 - werkzeug - INFO - 127.0.0.1 - - [22/Feb/2026 18:10:19] "[36mGET /static/css/style.css HTTP/1.1[0m" 304 -
2026-02-22 18:10:19 - werkzeug - INFO - 127.0.0.1 - - [22/Feb/2026 18:10:19] "[36mGET /static/js/main.js HTTP/1.1[0m" 304 -
2026-02-22 18:10:19 - werkzeug - INFO - 127.0.0.1 - - [22/Feb/2026 18:10:19] "GET /api/stats HTTP/1.1" 200 -
2026-02-22 18:12:01 - werkzeug - INFO - 127.0.0.1 - - [22/Feb/2026 18:12:01] "GET / HTTP/1.1" 200 -
2026-02-22 18:12:01 - werkzeug - INFO - 127.0.0.1 - - [22/Feb/2026 18:12:01] "[36mGET /static/css/style.css HTTP/1.1[0m" 304 -
2026-02-22 18:12:01 - werkzeug - INFO - 127.0.0.1 - - [22/Feb/2026 18:12:01] "[36mGET /static/js/main.js HTTP/1.1[0m" 304 -
2026-02-22 18:12:01 - werkzeug - INFO - 127.0.0.1 - - [22/Feb/2026 18:12:01] "GET /api/stats HTTP/1.1" 200 -
2026-02-22 18:12:02 - werkzeug - INFO - 127.0.0.1 - - [22/Feb/2026 18:12:02] "GET /api/stats HTTP/1.1" 200 -
2026-02-22 18:12:02 - werkzeug - INFO - 127.0.0.1 - - [22/Feb/2026 18:12:02] "GET /api/engagement HTTP/1.1" 200 -
2026-02-22 18:12:04 - werkzeug - INFO - 127.0.0.1 - - [22/Feb/2026 18:12:04] "GET /api/engagement HTTP/1.1" 200 -
2026-02-22 18:12:04 - werkzeug - INFO - 127.0.0.1 - - [22/Feb/2026 18:12:04] "GET /api/stats HTTP/1.1" 200 -
2026-02-22 18:12:04 - werkzeug - INFO - 127.0.0.1 - - [22/Feb/2026 18:12:04] "GET /api/engagement HTTP/1.1" 200 -
2026-02-22 18:12:06 - werkzeug - INFO - 127.0.0.1 - - [22/Feb/2026 18:12:06] "GET /api/engagement HTTP/1.1" 200 -
2026-02-22 18:12:06 - werkzeug - INFO - 127.0.0.1 - - [22/Feb/2026 18:12:06] "GET /api/stats HTTP/1.1" 200 -
2026-02-22 18:12:06 - werkzeug - INFO - 127.0.0.1 - - [22/Feb/2026 18:12:06] "GET /api/engagement HTTP/1.1" 200 -
2026-02-22 18:12:08 - werkzeug - INFO - 127.0.0.1 - - [22/Feb/2026 18:12:08] "GET /api/engagement HTTP/1.1" 200 -
2026-02-22 18:12:08 - werkzeug - INFO - 127.0.0.1 - - [22/Feb/2026 18:12:08] "GET /api/stats HTTP/1.1" 200 -
2026-02-22 18:12:08 - werkzeug - INFO - 127.0.0.1 - - [22/Feb/2026 18:12:08] "GET /api/engagement HTTP/1.1" 200 -
2026-02-22 18:12:10 - werkzeug - INFO - 127.0.0.1 - - [22/Feb/2026 18:12:10] "GET /api/engagement HTTP/1.1" 200 -
2026-02-22 18:12:10 - werkzeug - INFO - 127.0.0.1 - - [22/Feb/2026 18:12:10] "GET /api/stats HTTP/1.1" 200 -
2026-02-22 18:12:10 - werkzeug - INFO - 127.0.0.1 - - [22/Feb/2026 18:12:10] "GET /api/engagement HTTP/1.1" 200 -
2026-02-22 18:12:12 - werkzeug - INFO - 127.0.0.1 - - [22/Feb/2026 18:12:12] "GET /api/engagement HTTP/1.1" 200 -
2026-02-22 18:12:12 - werkzeug - INFO - 127.0.0.1 - - [22/Feb/2026 18:12:12] "GET /api/stats HTTP/1.1" 200 -
2026-02-22 18:12:12 - werkzeug - INFO - 127.0.0.1 - - [22/Feb/2026 18:12:12] "GET /api/engagement HTTP/1.1" 200 -
2026-02-22 18:12:14 - werkzeug - INFO - 127.0.0.1 - - [22/Feb/2026 18:12:14] "GET /api/engagement HTTP/1.1" 200 -
2026-02-22 18:12:14 - werkzeug - INFO - 127.0.0.1 - - [22/Feb/2026 18:12:14] "GET /api/stats HTTP/1.1" 200 -
2026-02-22 18:12:14 - werkzeug - INFO - 127.0.0.1 - - [22/Feb/2026 18:12:14] "GET /api/engagement HTTP/1.1" 200 -
2026-02-22 18:12:16 - werkzeug - INFO - 127.0.0.1 - - [22/Feb/2026 18:12:16] "GET /api/engagement HTTP/1.1" 200 -
2026-02-22 18:12:16 - werkzeug - INFO - 127.0.0.1 - - [22/Feb/2026 18:12:16] "GET /api/stats HTTP/1.1" 200 -
2026-02-22 18:12:16 - werkzeug - INFO - 127.0.0.1 - - [22/Feb/2026 18:12:16] "GET /api/engagement HTTP/1.1" 200 -
2026-02-22 18:12:18 - werkzeug - INFO - 127.0.0.1 - - [22/Feb/2026 18:12:18] "GET /api/engagement HTTP/1.1" 200 -
2026-02-22 18:12:18 - werkzeug - INFO - 127.0.0.1 - - [22/Feb/2026 18:12:18] "GET /api/stats HTTP/1.1" 200 -
2026-02-22 18:12:18 - werkzeug - INFO - 127.0.0.1 - - [22/Feb/2026 18:12:18] "GET /api/engagement HTTP/1.1" 200 -
2026-02-22 18:12:20 - werkzeug - INFO - 127.0.0.1 - - [22/Feb/2026 18:12:20] "GET /api/engagement HTTP/1.1" 200 -
2026-02-22 18:12:20 - werkzeug - INFO - 127.0.0.1 - - [22/Feb/2026 18:12:20] "GET /api/stats HTTP/1.1" 200 -
2026-02-22 18:12:20 - werkzeug - INFO - 127.0.0.1 - - [22/Feb/2026 18:12:20] "GET /attendance HTTP/1.1" 200 -
2026-02-22 18:12:20 - werkzeug - INFO - 127.0.0.1 - - [22/Feb/2026 18:12:20] "[36mGET /static/css/style.css HTTP/1.1[0m" 304 -
2026-02-22 18:12:20 - werkzeug - INFO - 127.0.0.1 - - [22/Feb/2026 18:12:20] "[36mGET /static/js/main.js HTTP/1.1[0m" 304 -
2026-02-22 18:12:20 - werkzeug - INFO - 127.0.0.1 - - [22/Feb/2026 18:12:20] "GET /api/stats HTTP/1.1" 200 -
2026-02-22 18:12:21 - werkzeug - INFO - 127.0.0.1 - - [22/Feb/2026 18:12:21] "GET /students HTTP/1.1" 200 -
2026-02-22 18:12:22 - werkzeug - INFO - 127.0.0.1 - - [22/Feb/2026 18:12:22] "[36mGET /static/css/style.css HTTP/1.1[0m" 304 -
2026-02-22 18:12:22 - werkzeug - INFO - 127.0.0.1 - - [22/Feb/2026 18:12:22] "[36mGET /static/js/main.js HTTP/1.1[0m" 304 -
2026-02-22 18:12:22 - werkzeug - INFO - 127.0.0.1 - - [22/Feb/2026 18:12:22] "GET /api/stats HTTP/1.1" 200 -
2026-02-22 18:12:23 - werkzeug - INFO - 127.0.0.1 - - [22/Feb/2026 18:12:23] "GET /register HTTP/1.1" 200 -
2026-02-22 18:12:23 - werkzeug - INFO - 127.0.0.1 - - [22/Feb/2026 18:12:23] "[36mGET /static/css/style.css HTTP/1.1[0m" 304 -
2026-02-22 18:12:23 - werkzeug - INFO - 127.0.0.1 - - [22/Feb/2026 18:12:23] "[36mGET /static/js/main.js HTTP/1.1[0m" 304 -
2026-02-22 18:12:23 - werkzeug - INFO - 127.0.0.1 - - [22/Feb/2026 18:12:23] "GET /api/stats HTTP/1.1" 200 -
2026-02-22 18:15:18 - app.database - INFO - Added student: Shubham
2026-02-22 18:15:18 - werkzeug - INFO - 127.0.0.1 - - [22/Feb/2026 18:15:18] "POST /api/students HTTP/1.1" 200 -
2026-02-22 18:15:21 - werkzeug - INFO - 127.0.0.1 - - [22/Feb/2026 18:15:21] "GET /students HTTP/1.1" 200 -
2026-02-22 18:15:21 - werkzeug - INFO - 127.0.0.1 - - [22/Feb/2026 18:15:21] "[36mGET /static/css/style.css HTTP/1.1[0m" 304 -
2026-02-22 18:15:21 - werkzeug - INFO - 127.0.0.1 - - [22/Feb/2026 18:15:21] "[36mGET /static/js/main.js HTTP/1.1[0m" 304 -
2026-02-22 18:15:21 - werkzeug - INFO - 127.0.0.1 - - [22/Feb/2026 18:15:21] "GET /api/stats HTTP/1.1" 200 -
2026-02-22 18:15:34 - app.recognition - INFO - FaceEncoder initialized with model=VGG-Face
2026-02-22 18:15:34 - app.recognition - INFO - DatasetEncoder initialized with dataset=D:\VIT - PROJECT\Real-Time-Face-Attendence-System\dataset
2026-02-22 18:15:34 - app.recognition - INFO - Starting to encode 3 students
2026-02-22 18:15:34 - app.recognition - INFO - Loading VGG-Face model (first use)...
2026-02-22 18:15:35 - h5py._conv - DEBUG - Creating converter from 3 to 5
2026-02-22 18:15:36 - app.recognition - INFO - VGG-Face model loaded successfully
2026-02-22 18:15:44 - werkzeug - INFO - 127.0.0.1 - - [22/Feb/2026 18:15:44] "GET /register HTTP/1.1" 200 -
2026-02-22 18:15:44 - werkzeug - INFO - 127.0.0.1 - - [22/Feb/2026 18:15:44] "[36mGET /static/css/style.css HTTP/1.1[0m" 304 -
2026-02-22 18:15:44 - werkzeug - INFO - 127.0.0.1 - - [22/Feb/2026 18:15:44] "[36mGET /static/js/main.js HTTP/1.1[0m" 304 -
2026-02-22 18:15:44 - werkzeug - INFO - 127.0.0.1 - - [22/Feb/2026 18:15:44] "GET /api/stats HTTP/1.1" 200 -
2026-02-22 18:15:56 - app.recognition - INFO - Encoded 20 faces for ayush_kumar
2026-02-22 18:16:11 - app.recognition - INFO - Encoded 20 faces for Prince_Kumar
2026-02-22 18:16:26 - app.recognition - INFO - Encoded 20 faces for Ritik_Kumar
2026-02-22 18:16:26 - app.recognition - INFO - Dataset encoding complete: 3 students
2026-02-22 18:16:26 - app.recognition - INFO - Encodings saved to D:\VIT - PROJECT\Real-Time-Face-Attendence-System\models\encodings.pkl
2026-02-22 18:16:26 - app.recognition - INFO - Loaded encodings for 3 students
2026-02-22 18:16:26 - app.recognition - INFO - Reloaded 60 known faces
2026-02-22 18:16:26 - werkzeug - INFO - 127.0.0.1 - - [22/Feb/2026 18:16:26] "POST /api/encode HTTP/1.1" 200 -
2026-02-22 18:16:39 - app.database - INFO - Added student: Prince Kumar
2026-02-22 18:16:39 - werkzeug - INFO - 127.0.0.1 - - [22/Feb/2026 18:16:39] "POST /api/students HTTP/1.1" 200 -
2026-02-22 18:16:42 - werkzeug - INFO - 127.0.0.1 - - [22/Feb/2026 18:16:42] "GET /students HTTP/1.1" 200 -
2026-02-22 18:16:42 - werkzeug - INFO - 127.0.0.1 - - [22/Feb/2026 18:16:42] "[36mGET /static/css/style.css HTTP/1.1[0m" 304 -
2026-02-22 18:16:42 - werkzeug - INFO - 127.0.0.1 - - [22/Feb/2026 18:16:42] "[36mGET /static/js/main.js HTTP/1.1[0m" 304 -
2026-02-22 18:16:42 - werkzeug - INFO - 127.0.0.1 - - [22/Feb/2026 18:16:42] "GET /api/stats HTTP/1.1" 200 -
2026-02-22 18:16:55 - werkzeug - INFO - 127.0.0.1 - - [22/Feb/2026 18:16:55] "GET / HTTP/1.1" 200 -
2026-02-22 18:16:55 - werkzeug - INFO - 127.0.0.1 - - [22/Feb/2026 18:16:55] "[36mGET /static/css/style.css HTTP/1.1[0m" 304 -
2026-02-22 18:16:55 - werkzeug - INFO - 127.0.0.1 - - [22/Feb/2026 18:16:55] "[36mGET /static/js/main.js HTTP/1.1[0m" 304 -
2026-02-22 18:16:56 - werkzeug - INFO - 127.0.0.1 - - [22/Feb/2026 18:16:56] "GET /api/stats HTTP/1.1" 200 -
2026-02-22 18:16:56 - werkzeug - INFO - 127.0.0.1 - - [22/Feb/2026 18:16:56] "GET /api/stats HTTP/1.1" 200 -
2026-02-22 18:16:56 - werkzeug - INFO - 127.0.0.1 - - [22/Feb/2026 18:16:56] "GET /api/engagement HTTP/1.1" 200 -
2026-02-22 18:16:57 - werkzeug - INFO - 127.0.0.1 - - [22/Feb/2026 18:16:57] "GET /students HTTP/1.1" 200 -
2026-02-22 18:16:58 - werkzeug - INFO - 127.0.0.1 - - [22/Feb/2026 18:16:58] "GET /api/engagement HTTP/1.1" 200 -
2026-02-22 18:16:58 - werkzeug - INFO - 127.0.0.1 - - [22/Feb/2026 18:16:58] "[36mGET /static/css/style.css HTTP/1.1[0m" 304 -
2026-02-22 18:16:58 - werkzeug - INFO - 127.0.0.1 - - [22/Feb/2026 18:16:58] "GET /api/stats HTTP/1.1" 200 -
2026-02-22 18:16:58 - werkzeug - INFO - 127.0.0.1 - - [22/Feb/2026 18:16:58] "[36mGET /static/js/main.js HTTP/1.1[0m" 304 -
2026-02-22 18:16:58 - werkzeug - INFO - 127.0.0.1 - - [22/Feb/2026 18:16:58] "GET /api/stats HTTP/1.1" 200 -
2026-02-22 18:16:59 - werkzeug - INFO - 127.0.0.1 - - [22/Feb/2026 18:16:59] "GET /attendance HTTP/1.1" 200 -
2026-02-22 18:16:59 - werkzeug - INFO - 127.0.0.1 - - [22/Feb/2026 18:16:59] "[36mGET /static/css/style.css HTTP/1.1[0m" 304 -
2026-02-22 18:16:59 - werkzeug - INFO - 127.0.0.1 - - [22/Feb/2026 18:16:59] "[36mGET /static/js/main.js HTTP/1.1[0m" 304 -
2026-02-22 18:16:59 - werkzeug - INFO - 127.0.0.1 - - [22/Feb/2026 18:16:59] "GET /api/stats HTTP/1.1" 200 -
2026-02-22 18:17:00 - werkzeug - INFO - 127.0.0.1 - - [22/Feb/2026 18:17:00] "GET /students HTTP/1.1" 200 -
2026-02-22 18:17:00 - werkzeug - INFO - 127.0.0.1 - - [22/Feb/2026 18:17:00] "[36mGET /static/css/style.css HTTP/1.1[0m" 304 -
2026-02-22 18:17:01 - werkzeug - INFO - 127.0.0.1 - - [22/Feb/2026 18:17:01] "[36mGET /static/js/main.js HTTP/1.1[0m" 304 -
2026-02-22 18:17:01 - werkzeug - INFO - 127.0.0.1 - - [22/Feb/2026 18:17:01] "GET /api/stats HTTP/1.1" 200 -
2026-02-22 18:17:03 - app.recognition - INFO - FaceEncoder initialized with model=VGG-Face
2026-02-22 18:17:03 - app.recognition - INFO - DatasetEncoder initialized with dataset=D:\VIT - PROJECT\Real-Time-Face-Attendence-System\dataset
2026-02-22 18:17:03 - app.recognition - INFO - Starting to encode 3 students
2026-02-22 18:17:03 - app.recognition - INFO - Loading VGG-Face model (first use)...
2026-02-22 18:17:04 - app.recognition - INFO - VGG-Face model loaded successfully
2026-02-22 18:17:18 - app.recognition - INFO - Encoded 20 faces for ayush_kumar
2026-02-22 18:17:33 - app.recognition - INFO - Encoded 20 faces for Prince_Kumar
2026-02-22 18:17:47 - app.recognition - INFO - Encoded 20 faces for Ritik_Kumar
2026-02-22 18:17:47 - app.recognition - INFO - Dataset encoding complete: 3 students
2026-02-22 18:17:47 - app.recognition - INFO - Encodings saved to D:\VIT - PROJECT\Real-Time-Face-Attendence-System\models\encodings.pkl
2026-02-22 18:17:47 - app.recognition - INFO - Loaded encodings for 3 students
2026-02-22 18:17:47 - app.recognition - INFO - Reloaded 60 known faces
2026-02-22 18:17:47 - werkzeug - INFO - 127.0.0.1 - - [22/Feb/2026 18:17:47] "POST /api/encode HTTP/1.1" 200 -
2026-02-22 18:18:02 - app - INFO - Initializing system components...
2026-02-22 18:18:02 - app.database - INFO - Database schema initialized
2026-02-22 18:18:02 - app.database - INFO - DatabaseManager initialized with D:\VIT - PROJECT\Real-Time-Face-Attendence-System\attendance.db
2026-02-22 18:18:02 - app.database - INFO - DatabaseService initialized
2026-02-22 18:18:02 - app.detection - INFO - Using OpenCV Haar Cascade for face detection
2026-02-22 18:18:02 - app.detection - INFO - FaceDetector initialized with confidence=0.5, model_selection=1, max_faces=20
2026-02-22 18:18:02 - app.recognition - INFO - FaceEncoder initialized with model=VGG-Face
2026-02-22 18:18:02 - app.recognition - INFO - FaceEncoder initialized with model=VGG-Face
2026-02-22 18:18:02 - app.recognition - INFO - DatasetEncoder initialized with dataset=D:\VIT - PROJECT\Real-Time-Face-Attendence-System\dataset
2026-02-22 18:18:02 - app.recognition - INFO - Loaded encodings for 3 students
2026-02-22 18:18:02 - app.recognition - INFO - FaceRecognizer initialized with 60 known faces
2026-02-22 18:18:02 - app.engagement - INFO - Using OpenCV fallback for engagement (limited features)
2026-02-22 18:18:02 - app.engagement - INFO - FaceMeshAnalyzer initialized for 20 faces
2026-02-22 18:18:02 - app.engagement - INFO - EngagementTracker initialized
2026-02-22 18:18:02 - app.engagement - INFO - Using OpenCV fallback for engagement (limited features)
2026-02-22 18:18:02 - app.engagement - INFO - FaceMeshAnalyzer initialized for 20 faces
2026-02-22 18:18:02 - app.engagement - INFO - EngagementTracker initialized
2026-02-22 18:18:02 - app - INFO - System components initialized successfully
2026-02-22 18:18:02 - werkzeug - INFO - [31m[1mWARNING: This is a development server. Do not use it in a production deployment. Use a production WSGI server instead.[0m
 * Running on all addresses (0.0.0.0)
 * Running on http://127.0.0.1:5000
 * Running on http://172.20.200.41:5000
2026-02-22 18:18:02 - werkzeug - INFO - [33mPress CTRL+C to quit[0m
